,0,0
0,Cookiezi,6989.651665255391
1,filsdelama,6803.75697799961
2,firebat92,6629.609159701515
3,idke,6958.8289515306
4,Abyssal,6924.806185775884
5,hvick225,6189.027429108226
6,Freddie Benson,6601.965246229606
7,Dumii,6895.925720587793
8,fieryrage,6741.257250911526
9,Piggey,6488.371212988681
10,DanyL,6895.079320040873
11,MoeYandere,6986.731286119734
12,Monko2k,5871.072891673676
13,Kip,2693.3702986080716
14,-Hebel-,6974.946361160937
15,ThePooN,6836.860159564442
16,Arnold24x24,6982.780632552623
17,Wilchq,6560.0
18,Musty,5699.441198960149
19,Adamqs,5589.619264131526
20,Zeisen-,6819.380982197913
21,a_Blue,6343.77883108097
22,bango,6407.397166441346
23,badeu,6995.679994451306
24,Always 1miss,6785.1674665278715
25,Recia,4824.914270785281
26,ChitogeOP,6626.86607506972
27,Blobby3000,6982.351619741861
28,AxewB,6975.498864694988
29,Axarious,6832.805005588086
30,Colt,6919.6601111648315
31,Weabole,6157.861695963221
32,Num5119,6805.851473202914
33,Fedora Goose,6699.858907456983
34,Andrej,6719.302404054764
35,Rhythm blue,6946.723894489236
36,Vettel,6510.629299943726
37,Myst1k,6980.1011474735415
38,Zmatureeno,6539.4068191270235
39,NerO,6824.91569822538
40,[RanYakumo],5099.748473858851
41,Rizer,6560.0
42,Akcel,6566.837014386736
43,FunOrange,6912.950353149947
44,Korilak,6810.535956991135
45,Flask,6488.314822052156
46,ffury,6916.488413809684
47,[ Zane ],6104.413080601931
48,Viveliam,6560.0
49,jackylam5,6581.150269928205
50,Emperorpenguin83,5344.84485614746
51,Informous,6919.808257069626
52,AnOkata,6872.216200509947
53,Chamosiala,6984.458237876975
54,-NeBu-,6724.564439514725
55,Ampharos,6292.673335665718
56,-Machine-,6906.573367589884
57,Lolisim,6743.928013901384
58,gissirianko,6637.35289975497
59,DoKito,6029.05409001496
60,SlimeDrippy,6895.67342319974
61,TheOmyNomy,6834.8350693004895
62,okinamo,6831.441675772711
63,Koalazy,5019.5980468423795
64,-Kazuki-,6949.524007566317
65,fea,6330.853154145067
66,r0ck,6184.509544658165
67,Area,6143.136897328201
68,Mayoler,6939.752104358116
69,Woffel,6968.621183252243
70,Miko,6404.71938626277
71,Avenging_Goose,6680.438375031045
72,Texats,6650.043613641276
73,[-Lockon-],6942.242610554462
74,Dereban,5861.892526378083
75,DigiDrake,6882.346113357802
76,pyon,5692.030927274223
77,DenierNezzar,5745.401076573848
78,- G I D Z -,6272.989865162662
79,Kynan,6787.113941975136
80,Veth,6824.760540141444
81,Hundur,6986.368948691831
82,BlueSky-,6752.271833789571
83,[ ZhengS ],6940.112048830166
84,Mekuru,6902.083018477782
85,iMey,6664.666021034606
86,Calcium,6827.849481822981
87,Sheba,6560.0
88,SadnessWillSear,6870.35679125358
89,[ Xia Relia ],6358.3692646004765
90,PikaPwn,6939.002661900822
91,Meltina,5617.2051297641565
92,[C u r i],6762.870663223433
93,Aden,6930.224479104921
94,Yuza,6844.053471889093
95,Arua,6542.024342309775
96,Hyppyri,6987.690956598772
97,Shiny Chariot,6736.635702303565
98,Crystal,5710.139713968698
99,neko ds,6919.086901371551
100,Rean-K,6835.785606329397
101,uvrv,6874.679320785979
102,xaxreid,6681.986051287115
103,Anroyz,6831.842148522774
104,Saix,6419.163669017463
105,Elegant Loli,3617.029287197579
106,CeilingWaffle,6919.8048627894705
107,Karuna,6733.362840574667
108,Lexion,6990.658519935334
109,Monk Gyatso,6936.341751040685
110,Sanjilift,6747.023545513186
111,Diallo,6798.752472043804
112,My Furry Digi,6460.181475595479
113,-Rushi-,6948.893570280126
114,Envy_ss,6634.661079087488
115,Seouless,6539.185644736659
116,Aoba Karingo,6555.004792124031
117,Ansol,6250.752213354856
118,Okinotori,6915.09478794558
119,Psycopath-,6885.743813579035
120,-HERO-,6839.757182263218
121,Gomo Pslvarh,3534.5026739571877
122,Avenito,6601.735728314422
123,Exarch,6423.687774505943
124,- Nya -,6230.2701177660865
125,MCNortrom,6942.065327087706
126,Cellina,6515.071353733267
127,Jace,6236.70679176218
128,Aldrouch,6591.624526237473
129,isokasapupuja,6907.160152670906
130,Kitichu,6482.363765520001
131,Urania,6418.2994059660305
132,- e - v - b-,6762.6059788470775
133,Fl0nka,6913.680836029218
134,Eileyn,6365.5948326814905
135,Astrovia,6384.090679824714
136,harunaruna,6722.647492615137
137,ChronoTrig,6894.446228124936
138,Vall,6838.664006501339
139,WadsyaName-,6843.436799490002
140,Cocaine dog,6634.787390894395
141,Pittigbaasje,6964.925900721235
142,[ ATChunG ],6307.1318200097
143,Runa,5936.7755665205705
144,nr_pm,6745.038040897123
145,ShaneLiang,6762.44246912909
146,ruexia,6447.07136251558
147,im bad,6222.136465777122
148,WillCookie,6723.090228403369
149,Yuuki-chan,6842.486911287365
150,Anzu Takakura,6418.717611930499
151,Lunirs,6902.21524551756
152,LilDoc,5916.216612037942
153,explosionboom,6742.068208337228
154,WhiteOnion,6965.692416099381
155,Tetla,5675.231336903149
156,Shimotsuki,6467.469459878092
157,asf,6700.948041157708
158,MetoA,6891.295261267954
159,Zabijaka,6710.438692040589
160,c00kiezecky,6665.077028786166
161,Commy,6063.75910141791
162,kyle,6880.473079316649
163,hot anime girl,6973.780462840626
164,Mooha,6817.475533426464
165,Sarasa,6564.730972913072
166,Jup3KW,6736.32382153079
167,Eddie-,6576.39642943551
168,MegaMK,6367.716725554281
169,Boggles,6650.973354399315
170,Sakurauchi Riko,6355.151683038971
171,Akane-Yuki,6924.894831448047
172,Lovestruck,6510.168168409906
173,Fervore,6795.457572366177
174,Kyoushouryuu,1253.0446414765142
175,CatBagasm,6294.983457487224
176,No01,6795.18794240894
177,BDDav,6867.463216301224
178,Ceja,6412.896857436997
179,SpringLane,6148.206727478304
180,_Kix,4832.876920897266
181,-SoMoE-,6416.231589739114
182,DT-sama,5363.605187366203
183,alkalde,6635.016232034124
184,KevstracK,6673.646145341978
185,benki,6696.639565044539
186,overcomplexifii,6914.823849435085
187,Oxia,6563.315671120035
188,Grey-,6117.350568294308
189,Stereo,6323.403239042634
190,kyIe,6846.328966971399
191,Akiko-,6805.560802357367
192,Mirtrax,6909.745584309185
193,[Neko-Chan],6411.418735546943
194,thaibuy,6576.5921420814075
195,Delis,6776.234526659148
196,GGBY,6560.0
197,PandaCattle,6395.18466352633
198,Rekia,6415.190496024236
199,Constelletion,6828.1539181062
200,Hranolka,6526.259980940713
201,ltasia,6601.91477591725
202,Asunamaru,6800.861414971683
203,ZeCryptic,6948.048547703833
204,Faces,6193.550779288889
205,VINXIS,6901.314398533208
206,UDQN,6560.2328505962605
207,Cien,6837.67359998871
208,OhAHO,6768.891544757846
209,i i,6455.045675023309
210,[Shaiden],6807.355053040934
211,intenseGoat,6238.063393000519
212,Shinkei,6472.810873892049
213,Chaltier0,6148.745722173265
214,Pyrocks,6918.099897201351
215,Mizarr,6337.095923303552
216,KafuuChino,6385.359124871429
217,swerve,6490.528966630807
218,moca,6560.0
219,Hecs,6538.9599654089825
220,My Not,5602.8455991556075
221,kayarami,6207.719281903871
222,Daren,6695.08493831841
223,13th Seed,6510.88927606445
224,Eldera,6824.44415828172
225,Cerkie,6878.288832553926
226,Watsaiye,6560.0
227,kawaine,6226.939855284261
228,Cinia Pacifica,5876.953982942299
229,heikneuter,6687.529760595707
230,OsunMoM-,6526.966907336742
231,davidqu2,5394.561136361479
232,Syfou,6793.6338563163135
233,Maiaz,6590.498146629097
234,-Zelos-,6813.542401136521
235,MyAngelMiku,6408.003085959775
236,AlexXerox,5257.953422315055
237,e7793279,6519.3876491985775
238,SupremeChaoss,6544.026424199071
239,Van Darkholme,6851.263853722485
240,Catoliel,6306.321795246331
241,_Kumiko-chan_,6656.007921919283
242,Jolene,6794.997641664778
243,rinkon,4949.6597875868865
244,Asion,6553.761354618339
245,Flore,6776.994122301561
246,- Slice -,6816.711028604069
247,Gumi Rin,6292.486985453719
248,Bauxe,6772.9304606412825
249,Ralyks,6701.74526506819
250,Otters,6295.625207859156
251,deait,6763.126972941246
252,WeanDaisuki-,6911.630763057228
253,qtz,6651.247442448043
254,LittleDan,6379.429458971801
255,thelewa,5182.201938675325
256,Minil,6478.696776788693
257,Ignite,6895.979620379393
258,hahahao,6494.386825342437
259,Zenoha,6010.084471176029
260,KingOKarma,6412.267451292204
261,Chitogod,6613.4740074956835
262,KwAIMSuckASFuk,6382.2621970427535
263,Vyshus,6830.920013984913
264,Sjizu,6381.97752609071
265,funky enough,6858.416571434044
266,chokma,6450.31936833581
267,Gazer,6394.630385519242
268,AstroFP,6793.469656289311
269,yooriko,6539.429868815974
270,shortpotato,6957.4243813535095
271,gpdl,6277.549927168121
272,[ Yozzied ],6375.0578065503005
273,Freezd,6539.877815535848
274,PotatoIceCream,6390.5676169639055
275,wallyk,6584.554503194475
276,My Angel OwO,6549.3244429624365
277,- Rosemary -,6730.05523979564
278,VoProSSoFF,6404.417717681622
279,buny,6735.89126559686
280,Trigg,6466.998576224457
281,Firebool,6649.296545637894
282,gejutel,6347.773581990977
283,Garden,6560.0
284,Icyteru,6870.249681991518
285,surume yotyan,6776.191815993658
286,momotayan,6700.637434826269
287,Mercurius,1546.5002823324512
288,aegishield3,6449.106392131158
289,xsrsbsns,6238.436396191207
290,Raiin,6158.917709329772
291,Grappoz,6254.998664629793
292,JoJoe,6937.855747326037
293,Aeril,6487.008795091395
294,Mismagius,6525.810230568927
295,NeruNeru,6545.076959064033
296,Tim Scam,6717.396754435964
297,younited,6627.021655437138
298,ToLove,5121.834089939122
299,Rexeez,6899.628952695088
300,fixedbyglue,6414.64259665752
301,Derposoft,6506.961068795213
302,Villdjack,5618.285723394115
303,rafalbrew,6808.170967005286
304,benjacala,6572.792909000769
305,Cata,6926.244324737473
306,Bangom,6697.415206830272
307,Aise,6519.731760968101
308,ededed028,6323.299048889534
309,--w--,6593.56852381492
310,Lirufication,6553.10657236811
311,Cthulhu,6727.588478490323
312,serea,6733.256250423885
313,Zaq Lev,6864.365674233891
314,Lolixir,6901.684296741378
315,Maxe191,4497.461882523733
316,-Urushihara-,6815.499800264408
317,[ Larssen ],6885.175182341637
318,Inaban,6361.700472212106
319,Conyoh,5919.793858136898
320,Chidori,6539.798606722112
321,Desew,6383.760439541231
322,KaanKorkmaz,6875.212076809727
323,Vertarix,6531.906086536152
324,SolaEclipse,6384.025818450441
325,Trauma_,6450.539349860931
326,Broccoly,6540.767272173373
327,Juhmall,6318.031206405089
328,drugkeeper,6556.391842397551
329,mosvannen,6658.7281725402545
330,Ruchika,1252.025740964597
331,ZephyrProxy,6124.621327325298
332,[Vu],6154.55133192561
333,Mouri,6170.221483407303
334,Raby,6974.594576007536
335,Rustie,6624.426378213145
336,MyAngelEpiphany,6741.250077612478
337,chezbananas,6421.954715164479
338,- Aki,6987.656751267394
339,Blackskyline,6818.160725408884
340,SuperCarolina03,6946.738069248841
341,ShuroSoku,6513.672128733214
342,Fuma,6954.785730330597
343,Anya Maki,6286.720053106421
344,JumpLess,6640.804986303368
345,[ ClariS ],6259.533714642017
346,PemiX,6769.81094559597
347,Jugment,6548.212774052104
348,Aragami,6792.726960218406
349,Michni,6684.904201890129
350,diciestaking,6409.430243273207
351,Kaifin,6787.946974247436
352,Proteus,6400.156750067858
353,hmrkhmrk,6870.753898546097
354,Slips,6765.978835929025
355,- Ikuze -,6200.794402805022
356,kafaN,6925.343565634286
357,Merl,6222.17927968931
358,hachioji,6889.227877559251
359,BAKKALO,6610.175482955878
360,Hexicate,6678.275849267788
361,JTttk,6654.570734942071
362,Qualli,6519.563089004275
363,Gildz,6582.295634700141
364,Milkabob,6780.7284480666995
365,taku,4944.891524948505
366,21_sucks,5844.464856951616
367,Aspher,6010.41228309407
368,Eta Carinae,6937.2401349503825
369,Nozomii,6518.5176596231595
370,MrPopCraft,6260.913123030166
371,Reform,6747.372661961429
372,Riviclia,6275.606423399061
373,Sheeaper,6609.136203323304
374,DDM,6591.959926080564
375,Kalal331,6253.141245901417
376,ClystaL-,6291.313373048641
377,Weyk,6413.272951677384
378,Shaww,6525.834489704328
379,arth,6484.418972156185
380,DeadZoNeD,5851.868507479361
381,Lulek,6796.327023787275
382,Kano,6699.436142895643
383,Insane-Senpai,6652.233195113686
384,lfqvytevthtnm,6873.375288450215
385,Toshiki-,6338.125021770458
386,Xbox,6965.306911954432
387,muchy,6693.249055884458
388,brianssa,6843.047397385258
389,er1cch3n,6438.076986134567
390,Erick,6474.026673796742
391,Nexius,6741.497379948092
392,Jairod,6560.0
393,My Angel Yoshi,6411.044520411897
394,Yuusuke,6465.767900798717
395,-Kurisu,6548.636869975913
396,Trywialny,6765.532356007958
397,EternalShadi,5863.1740822746815
398,404 AimNotFound,6660.143242412957
399,heyronii,6768.946205560248
400,Mihi,6696.292233321117
401,InBefore,5925.653501735029
402,revurii,6842.195730372723
403,Penoreri-,6568.838728603675
404,Yufina,6216.603365241334
405,Curse,6644.045163741678
406,Pidi,6743.6193295883095
407,Pure Hybrid,6278.874154377609
408,Fleimi,6809.886388062712
409,PantyStick,6225.363109684474
410,Super,6499.388321747588
411,YusaPlzComeBack,6794.069596522266
412,ItsWinter,6353.862140354912
413,pudingkokoro,6767.371918573593
414,Terra,6310.753330307624
415,xiAmME,6913.591162645754
416,96013M88,6465.155133107518
417,ByYoshi14,6683.518899733207
418,Node,6310.401045513422
419,konawiki,6348.284019834717
420,Yuzuru,6510.544632502086
421,Tobirama Senju,6248.810669752275
422,Paysami,6368.500407707806
423,Wind God Girl,6466.815738395523
424,Ezipie,6704.196838534042
425,GaCiel,6183.173780549216
426,Icebooker,6032.338146446711
427,Foxxo,6249.03504831789
428,hvick810,6298.1927174212815
429,001thefish,6778.9973491633245
430,Kittei,5863.832801861912
431,999Winz,6370.23346564495
432,Hakurae,6771.61328263534
433,Ashes,6247.222598225536
434,_YuriNee,4583.743670673461
435,Game,6578.40660850573
436,[- Karen -],6528.120788497408
437,Temprrr,6271.9255640687525
438,Risiing Fanboy,6736.038737312781
439,KeigoClear,6538.50902502098
440,HowToBeBored,5985.944386532483
441,Noobsicle,6146.494590210046
442,OuO,6560.0
443,[ Hyung ],6501.132971632251
444,Maozis,6671.467921248168
445,-Tofik-,6582.194015167848
446,NH2-Suika,6469.838398447637
447,_Kyori,6592.08230898849
448,Appilesh,6202.278674940109
449,My Angel Kaoura,6270.530903306156
450,Fataliis,6861.754963969637
451,Neva,6081.100119477049
452,- BLiTz -,6722.066171021367
453,Hellotomlol225,6738.966832209016
454,nicogame14,6878.08942739532
455,byfar,6208.04386903393
456,Bloody,6379.753265466477
457,Hijikata,5719.799549507522
458,Optimism,6966.054567990705
459,blai10,6304.729643311181
460,likejaxirl,6704.404454941739
461,Golpad,6377.252178358754
462,Zallopomo,6299.595685660763
463,Climate,6243.356690386706
464,RyoidenshiSama,6588.085706790425
465,Hakkero,6874.723510548001
466,[ baka 3b ],6772.757756186541
467,JaeSu,6486.279782645856
468,yOlO-Nature,6544.399881649368
469,ZFM,6079.897550148147
470,RivenXLukario,6517.927888676679
471,Blanco,6618.163435791837
472,aska,6849.677974659416
473,Just_A_M0nk,4421.982063768783
474,_DerF,6560.803522110264
475,CookEasy,6539.800428876525
476,ChillierPear,6363.059039472135
477,My Angel Hibiki,6209.908364398145
478,ImpurePug,6348.433292883647
479,kaypooma,5983.017072344577
480,aqing1717,6800.292297085203
481,RhuvRCZ,5902.401283348063
482,mrzomb,273.10333494852057
483,natnat,6989.90194551708
484,Summer Solstice,6824.053337883297
485,ExpertBOT,6560.0
486,sushimi,6763.3716096805365
487,bjbmw,6369.005354721057
488,Tyguyy,6262.6812911739025
489,big boob,6560.0
490,Mont,6104.392598271775
491,GabyPichu,6549.701442930589
492,Heros5k,6702.14862825225
493,Corelith,6679.508069283745
494,sasakure,6265.722949357588
495,fumes,6400.301078503365
496,wlkkk,6411.053356196941
497,goto99,6180.700474819725
498,Iylwrychi,6078.67688726948
499,Nykke,6315.535379432313
500,Martinplior,6589.816789138874
501,Ivan,6463.419465165907
502,NicoSan,6676.46000270809
503,Tohru,5334.479492604387
504,thouka,5863.443163062029
505,NightFiend,5798.95286828489
506,Myth,6311.519269625359
507,Summer,6464.087443461968
508,My Angel yea,6164.58043163523
509,_kotachi_,6226.993602789771
510,Nimfagryuf,6360.065372048597
511,Toumei Dragon,6474.773207689116
512,PentaFish,6126.100045435392
513,Golden-Lin,4432.964465077235
514,Houkago Stride,6189.762487269183
515,Brikery,6205.071996429415
516,Slowest,6520.383115298146
517,ShuFunG-,6625.019603000011
518,kairasu,5931.878504711009
519,big brain,6107.537673874999
520,SrSkyPlayer,6834.205230176625
521,MyAngelMyst1k,6427.705049075049
522,-Shinryaku-,6612.206478367877
523,Fastz,6285.218963383945
524,Carretto,6765.440052184245
525,yandri,6730.517371325088
526,Potatorz,6754.6854075442625
527,Tekkito,6057.476493883478
528,Mombei,6344.458004427587
529,SIMONETRAPANI,6670.472368038818
530,Lupus,6815.502385039439
531,Kasztann,6209.32271099672
532,cristi2708,6684.122739869129
533,Domino,6652.689045057728
534,Snakeq,6477.793562624009
535,Arduck,6574.264748112476
536,Doge Owner,6492.073701415285
537,Manakura,5874.631045713258
538,Hime-,6582.554983440816
539,Cornfield,6779.28203493499
540,[ Niku ],6668.763370549207
541,pocky310,6871.9219590294
542,Tabris,6718.172961501185
543,KoTo,2900.015117761396
544,Glinky,6521.957648603038
545,- Heatwave -,6368.850966772152
546,Vocal,6561.599068567646
547,Mousiini,6554.38059984088
548,V4RCH,6420.827183810489
549,- Peki,6598.685399534435
550,Myusel Foalan,6359.00804553908
551,D1nack,6412.45552545632
552,sardine0221,6514.213150140839
553,Dragonmob,6565.6500714381
554,Betarift,6253.92393625861
555,Pyaaa,6314.716592777223
556,MgBr2,6181.135721633578
557,RafisJrr,6633.8295354587535
558,EAT MY COMB OUT,6211.64243370849
559,Dada,6590.148761259598
560,Aotoleen,6194.684298913988
561,Nibu,6444.664318425396
562,Lodomir2,6693.486458090998
563,-Suika,6553.306751279686
564,SoRayZe,6533.9860365619925
565,october,6599.131104871763
566,Dymond,6296.623480832893
567,Pavkil,6797.594916006841
568,Jacob,6174.264044588356
569,NeoAxel,6349.642867513459
570,Anes450,6027.436222676659
571,ProAtBeingAKid,5992.359731732684
572,Tobi,6863.2399912928795
573,PeaChick,6574.9628995392295
574,Cyntheos,5892.272042933126
575,skooleek,6404.422426976343
576,util,6522.4603588246555
577,-Levi-,6281.6820353077055
578,Juno,6757.690052494529
579,-Lolisim-,6010.61032943885
580,ArFunG,6606.037238317249
581,Rilium,6530.742770569509
582,TheWildTree,6687.160703991207
583,Remilia-yuu,6146.521999049346
584,Zhen Ji,6617.080117144431
585,InabaTewi,6755.792320832906
586,CatsOnAcid,6168.343545861691
587,Luziferx1337,6223.3380875872745
588,Pobu,6565.488407226765
589,SteffoST,5894.886441880099
590,Benton,6501.420304210822
591,ondines,6451.391839558747
592,Pizzarro,6719.623410838546
593,DeMSKii,6179.682724180162
594,Jegler,6689.129618806133
595,Fuyu,6524.047629713274
596,Squeeble,6245.873210606916
597,zisamEr,6729.319766603615
598,Nashiro-,6237.821993252228
599,NekoMaid,6444.001190113061
600,[ Senji ],6188.470221289879
601,ROZPIERDALACZ,6217.9716544040975
602,MAJINAx,5923.576497528593
603,Usotsuki,6005.157342735866
604,Playboy,6859.3040087236295
605,[banana],6539.079776771994
606,Raishu,6246.003563429645
607,FzimoNN,6525.005502808289
608,conradmittn,6240.6267066508435
609,bules2,6805.990263951985
610,Ruru,6513.612929933116
611,Dare,6298.237982205739
612,Noomn,6759.425596006077
613,4ikos,6588.298134632384
614,AfricanMonk,6576.569308590216
615,Cecile,6550.888049087887
616,BobbyZlich,6224.719135882381
617,Xenou,6485.707892891726
618,Leftiezi,6958.731999702277
619,Onii Chan,6184.169259406306
620,Enisyl,6398.211993062263
621,jvt,6463.961731667302
622,Damnjelly,6883.589127656362
623,pp447576,6580.184638186325
624,NPJn00bs,6304.4524610494
625,Kysteria,5996.8319789022125
626,Ciera,5820.453493677308
627,oribe,6465.916900262732
628,Shiori Leiko,6225.7876382742825
629,Blue-Orb,6842.343079234352
630,Okino may,6952.861841572083
631,deyo,6779.375527367323
632,blueloniess,6555.220432800039
633,Asahi,5375.172799063277
634,[ Blade ],6641.212112622138
635,Moonlit,6691.837092281414
636,[PLA],6609.922064899172
637,Fenan,6758.451135218528
638,Acarsky,6708.216956515355
639,Chi ki,6727.356088133947
640,7 K e n a n a 7,6082.383394025663
641,Zaqqy,6276.117141417995
642,Mazzerin,6824.893662095743
643,RoboTripSenpai,6074.481233154144
644,Nano List,6299.735143516455
645,MashiroShiina -,6167.424337623971
646,PooF,5990.227115780524
647,Barbex,6766.33635078514
648,Mewe,6076.292492098946
649,Shleffles,6166.542921709802
650,Marcel_10,6722.157143962978
651,Near-N,5980.590276285803
652,Ekoro,6570.018998647902
653,Jellal359,6471.821426772017
654,Ernte23,6098.857528143853
655,Zboys,6816.301021869083
656,AbrahamR,6660.14222925293
657,Chtioploute,6487.96738619057
658,Niksukii-Senpai,6328.317290924755
659,Destino,6604.7476878200705
660,Shoko84,6613.28903125437
661,Maxii,6120.117765977993
662,Ling Ling,6629.190760536071
663,Sakura Rain,6530.836664307121
664,Forget me not,6720.501210531442
665,Reswery,6405.507138773813
666,McKenny,6206.4749158596205
667,amateurdrink,6293.055822733247
668,Wadas,6974.175223519417
669,Bae-,6684.783982505607
670,Nyari,6640.493369908797
671,zakipwnz,6615.727638286349
672,Solomon,6074.946062619213
673,Azure Desu,6258.265047907344
674,First Love,6792.138385539609
675,laibin,6333.777493253999
676,DubiosSchiffer,6395.906586611996
677,Neynam,6663.670592617988
678,Explosion007,6057.126969838163
679,My Aim Slow,6299.230330526536
680,Rudii,6931.986945737291
681,tomatoh4wk,6513.290588856289
682,KiTeaa,6378.047726738261
683,Kup92,6679.693553884372
684,Auge,6125.659255236793
685,Zyaqix,6353.134456052048
686,AceofSpades77,6573.409744554749
687,SilverOfTheMoon,6442.939098592669
688,NeNe_GoShyuJiN,6410.916837698206
689,Cheonsa-,6024.712695116034
690,PunkyBoy,6801.297652310004
691,MentaLoli,6757.584541648677
692,Sanko,6349.602136482848
693,Fl0master1337,6877.182052477903
694,[AlexanderHell],5942.7609494215385
695,Floks,3499.5270363464883
696,Kert,6348.401630291946
697,KirimaSharo,6064.282627721932
698,Lyra,6637.213161408154
699,ikL,6312.846116250093
700,NazzzF,6852.311832859805
701,Lynx-,6924.179422584453
702,LaZyAzN,6126.727701217154
703,Deyv,6175.781790581378
704,LordTimeWaste,6093.164418613295
705,Wynner,6148.934405318212
706,Lufu,5551.315236472707
707,Floob,5825.695126693325
708,LuBren,6742.889105539942
709,awesomemacD,6953.494871120866
710,Space tourist,6557.416872219792
711,Lkxemmeji,6091.6884606428275
712,rockrick,6619.96874242754
713,_Zero_,6204.732046928073
714,KniVe,6330.550740447505
715,-lovely ala-,6614.35394369224
716,jtpetino,6671.1170557541145
717,Jantsi,6853.77305160839
718,aurabby,5945.352509738608
719,Mikoto,5865.247612248386
720,GimmeYourSkill,6189.416376281496
721,_vu69,6065.291396572178
722,Ambre,6369.998907707497
723,markii,6060.213862818301
724,Beenrz,6251.093477328117
725,omnu,6359.081593243441
726,Taeze,6474.072498017199
727,Psyical,6295.318015970311
728,Kennen,6415.351333297234
729,Grindle,5992.939888031974
730,Reishara,6811.070023902588
731,ZazaFavela,6466.829982553769
732,ricecustomer,6576.357274933691
733,b0bas,6610.55542340863
734,Chug,6122.308026186671
735,Fuyu HaNa,6350.149377789444
736,Melt3dCheeze,6060.597487211316
737,Miucs,6712.664615637746
738,Meet,6729.990015126085
739,kamuu,6481.889363401337
740,Arcanis,6056.075469742481
741,Isalie,6311.49723656813
742,kzbar,2852.3049885641
743,LemondarkO,5992.563956430512
744,melloe,6033.8579548304915
745,VankaTa,6975.949296367956
746,Boy,6236.763791135867
747,DukeOfDoom,6427.619392995752
748,kittenrequiem,6141.965467276508
749,Nefox,6369.512619802509
750,Biggs111,6047.153749130447
751,Rabb,5010.723907526055
752,Poruteri,6397.633700686389
753,iPunqcake,6563.610618826131
754,Ancereal,5973.0403918313705
755,Ranpo,6650.809005470567
756,Shanmore,6209.1716447213785
757,Halcy-,5979.516253511207
758,-Raisa,6098.989413113639
759,trevrasher,6534.98334751254
760,Lucker96,6558.803076108976
761,hard to freeze,5165.742109614523
762,-DarkAngel-,6462.787512880001
763,Phoonie,6460.487792450402
764,AcevZ,6622.943493705704
765,Syrte,6523.307360766171
766,TB 358,6145.001464949912
767,Mysto-kun,6089.051356136805
768,L A P I S,5937.327853184996
769,Toriko,6585.829680668678
770,Kanjer,6439.068862755859
771,charanlizard,6090.609507813479
772,quickman30,6437.16680253762
773,NOOB1200,6494.6235600354885
774,Support,6043.602194683313
775,chrisny,5893.077545256038
776,LoliFow,6471.833309347475
777,Drezi,6032.428233250909
778,Krokou,6628.10868623822
779,shinxL,6396.180135892565
780,Henkayy,6674.540239746406
781,[devil]Neko,6364.096284279482
782,Bubba TK,6594.621954086975
783,Sly,5553.458939345277
784,[ LunaRush ],6698.3575011395205
785,Emnesty,6560.0
786,Storegrisen,6783.096088718979
787,Widelux13,6874.951697636333
788,Deezy,6522.105227835442
789,BakaChiChi,6061.288895216713
790,Roromiya Karuta,6547.369944350894
791,Goldknightx,6107.009658307042
792,Viden,6560.0
793,FunNi,6587.62262836745
794,Vanseq,6563.94075213941
795,Nadfee,6704.491211936383
796,GoToSleep,6714.18981869758
797,LukerMaster,6238.277071463224
798,tutur2224,6231.325700024721
799,FrostiDrinks,6120.7424467393985
800,xXGrimmsXx,6560.0
801,folence,6884.869869312228
802,Linckey,6393.852217142577
803,RepL4y,6222.069027219313
804,DarthSmith,6434.276958292624
805,Bowzaa,6111.387432983345
806,Rinquin,6665.558114550682
807,MeKu,6162.499807246187
808,Zettus,6335.22907773275
809,[ Wara ],6204.960713413682
810,Victor 8,6296.391037149817
811,- Nicooh,6271.915397560831
812,Tatsua,6416.103545142671
813,Fridolin,6122.414427473749
814,BoT-Shirt,4308.67051105419
815,Matrix,6010.527039842027
816,Poncho,6113.521569902913
817,Cdarmy,6778.105632089733
818,Deka San,6779.711094274599
819,Kiri-Chan,6560.0
820,ArKeda,6438.812884268204
821,SoilAnt9524,6478.279820637486
822,Slendey,6777.400876033295
823,ThatwasDirty,5994.985483117328
824,Logless,6322.216272774799
825,Torrito,6636.544584160724
826,J4nh,6476.279381934186
827,RaOn-,6560.0
828,Drox-,6170.608999400228
829,Darrile,6386.7511938238185
830,CrispPOP,5998.469095169737
831,Rethor,6262.052177065035
832,Cyanogenoid,5898.57576816828
833,Dag,6512.867113446836
834,Jaybladezz,6576.86146533808
835,usmc,6588.4813331628575
836,- Takashi -,6951.343576515077
837,Snow Ripple,6678.397260011008
838,zargot,6596.903338361292
839,Nexo C17H17Cl2n,6440.713333714656
840,jitsumin,6407.6331951290285
841,roromi-,6392.521176102613
842,steini,6902.348833362851
843,Smarty,6078.643826713113
844,Orangelightning,6102.284460390667
845,Black Sheep,5030.457149511963
846,Settone,6581.971027139516
847,WindowLife,5896.269943352594
848,Misti,6699.891429382242
849,Mousr,6263.007791024118
850,Condor,6448.023451380326
851,MrPiingu,6230.429407873039
852,mepbee,6062.001028586642
853,Mykaterasu,6605.897216562827
854,Scuderia-,5777.895712810239
855,KurouHei,6643.783698433211
856,DGmG,6470.30791762131
857,Phantasm,6094.58792609613
858,Counter,6825.906869827699
859,Choireo,6288.939144292517
860,Bepis,6117.669577925045
861,Snowye,6355.846187315984
862,StreaminDemon,5885.384335097827
863,BannedForever,5862.0060942789905
864,pupidi,6310.599311681868
865,NucleaRaven,6372.366061159995
866,Kuuki ToRa,6398.285866308432
867,- Chito Chan -,6211.797483267029
868,Babii,6296.546191193149
869,Rugakot,6873.64456535684
870,Teazkor,6531.907226239134
871,Sapphie,6119.749040407579
872,-Ray,6430.837960809845
873,Cla,6163.5310101631885
874,Suvakoles,6357.562503255821
875,GureN,6322.116674280974
876,Epixia,6762.837083212116
877,CutieDemon,6466.188444604617
878,K0019,6424.689275448401
879,5joshi,6534.333113226055
880,Rimi,6790.293172107988
881,Shibi,6286.909609166882
882,Kaoura,6055.301268485493
883,Seto Kousuke,6179.632848090042
884,NatsuHara,6165.870204392472
885,Mattisticus,5994.890705169207
886,Nhan,6037.439933013966
887,Synopse,6752.537847019963
888,[My Angel Momo],6490.968564148123
889,[ Lusso-Kun ],6686.630738984438
890,redcrosssix,6603.9410910516945
891,tryonelove,6612.1242936092485
892,abinsan,6751.245149169226
893,Dominik DziDT,6560.0
894,Steve,5979.103404984087
895,- C l a i r e -,6572.070797457436
896,Paski,6832.317917216151
897,Ancelysia,5992.510788392848
898,Magical Blossom,6457.1636958057425
899,namewithnumber9,6780.354775310669
900,reversiout,6345.019772410972
901,oscar3403,6371.214406915769
902,Mentora,6471.07711822126
903,Xanoxe,6520.891770561136
904,Guffie,5987.297477843788
905,Rivastyx,6546.2658314796245
906,Mr HeliX,6560.0
907,Brabie78,6433.43692290476
908,Morbon,6037.730774361836
909,[ Helium ],6098.49061916027
910,aster11,6059.207286161089
911,MrFluffy,5862.115994927275
912,-Katana,5941.210585963527
913,lemu lemu,6798.72535069024
914,Nachoo711,6291.631030792618
915,HueFlakes,6429.225480085031
916,Great Banter,6780.300230821355
917,xenoframium,6210.609104996632
918,Summerlights,6321.107330173429
919,weakerr,6419.111688303901
920,Fallicon,6279.105415220423
921,Osama-Sama,5934.019533605364
922,SCLItachi,5952.2726757518885
923,Vitu,6874.797443895972
924,Tzero,6927.367586480994
925,Joy Boy,6475.431681740549
926,Lgnd,5931.41436618504
927,Flathel,6020.907919839204
928,Kumano,6429.910938434296
929,[-Anjellebot-],5400.508252558724
930,fengshen,6514.286143007849
931,LosingCrayon,5990.969366987821
932,Jabba,6399.725372986397
933,Gerald,6475.978298444029
934,Veroxx,6223.421796225463
935,Ophilion,6315.067194142579
936,Senzeeh,6037.796330583098
937,Icyflames,6028.2000407231
938,SaD,5352.757381503429
939,LeSombra,6200.058754870075
940,WorstOsuPlayer,5945.6911642565765
941,-AndzeN Desu-,6307.974400962722
942,Kyatami,6452.159444967229
943,Leiv,6160.4517653170005
944,Chayenne,6804.354465498215
945,Prophet,1782.9383332068965
946,Miidelz,6765.520927930381
947,rkde970,6027.18303040116
948,ruikkari,6727.492802907606
949,Zyph,5981.952849612383
950,Nuime,5987.801814989907
951,Lorn,6331.514997952135
952,Vectenial,6941.816742934773
953,[ Raito ],5974.612306593679
954,MKSA,6162.997740627719
955,tikkanen,6324.711352069554
956,Hysteria,6477.449720730703
957,[-Griffin-],6013.891369283434
958,Blazy,6654.145148054483
959,Dip,6022.1962678438385
960,ZarTaen,6764.184214204553
961,Sensade,6163.43002077295
962,Rose Pacifica,6273.348336396188
963,pyrus10000,6106.649877738332
964,XbFTB,5898.170393872574
965,NaCoIa,6602.20277291777
966,PotatoBoy123,5920.326522374737
967,TheKushVanMan,5992.869677373673
968,Anto,6532.7303163034485
969,Ohrami,6025.2683265096075
970,EDIFF,6248.945957442215
971,xl Nyan caxX lx,6013.563275721373
972,Gyuunyu,6473.065611350164
973,Sururi,5953.0920209421865
974,RMEfan,6025.283503096099
975,K-Rebu,6618.248911932064
976,Sorixx,6625.167004440443
977,White - Bear,5965.899391719621
978,[ Skylak3 ],6254.46107833332
979,iammyself123,6078.201720430134
980,Pijokash,6635.198885038845
981,Meowcenaries,2643.5402452255266
982,_Akio,6384.417659525098
983,sefp,6026.40652649177
984,E a g l e,6741.11421153568
985,HI_IM_TENMA,6150.064819535858
986,jhoo902,6143.239516565941
987,StaroaX,6261.408556610529
988,[TMF] - Gisi,6421.998257295686
989,MeowMeowKins,6448.598538977471
990,KyoAni,5897.311739390684
991,SnowTsuki,6444.170389854288
992,Improv,5944.9358760942805
993,Kleio,5862.050066391653
994,Yahoo,6316.583730137787
995,tkdtkd74,6560.0
996,MarisaKirisame,6003.086535373412
997,Mei Megurine,6535.282861118007
998,DannyX,5992.626013525648
999,MareckiPL,6105.846747482324
1000,AimNeet,6234.754242114524
1001,Kiwi910,5985.844973174481
1002,Droplitz,6243.913368851395
1003,stalkyh,6800.985839571042
1004,Neo,6602.702224261018
1005,z980838928,6615.572167409759
1006,[ Take ],6689.950489570828
1007,Dramilion,6218.000109803951
1008,Smilevie,6238.328279703248
1009,WEIRD FACE,6008.475132297832
1010,N0thingSpecial,6397.560184189327
1011,ThePonite,6663.1774134917305
1012,HenryBFG,6105.030880674366
1013,My Girl Ruri 96,6757.445645898431
1014,Hexii,6182.47876285683
1015,Dat Unreal,6370.175590346644
1016,Warui Kitsune,6399.499530768288
1017,- Satori,6659.787553828821
1018,[chaS],5948.977354464265
1019,Raiiden,6347.088863715471
1020,Kon,6001.796652478017
1021,- Sana -,6276.69453819536
1022,Hungah,6181.907717962061
1023,TheMati117,6124.901786291248
1024,Asteroid,6496.248341638857
1025,Noraneko,6026.280035849589
1026,Alleus,6975.347139232637
1027,KlaydR,6377.163657351853
1028,Hunsaker,6154.39524868642
1029,rockleejkooo,6785.030240510864
1030,Zeodexic,5914.186157744607
1031,uzuran,5498.146171005236
1032,Awesome0,6534.540978153558
1033,MyAngelSatania,6729.991289755542
1034,bnu,5540.773689342681
1035,SepticChild,6345.677781094815
1036,Spartaan,5939.13063882723
1037,Leria_V,6555.866637036596
1038,iaeqb,6139.475286326402
1039,LincolnFODA,6200.131713516137
1040,CornLord7117,5950.887955167512
1041,Malle,6449.108478605749
1042,Nedsing,6533.936755401131
1043,Edoz,6216.128874005174
1044,Black Magic,3435.333222513036
1045,liyin1,4505.6061327246025
1046,Plachta,6273.33305595507
1047,[ - Ichigo - ],6232.410201877392
1048,Fyrecia,6887.550385611244
1049,Tofas,6458.095529349003
1050,KnifeMeals,6255.1268097228285
1051,Muzha ComboKing,6713.9457163173
1052,spookali,6280.782150784189
1053,jehlp,6560.0
1054,Greeney,5996.670130270269
1055,Rtzero,6202.123233034577
1056,Pradel,6261.805346664838
1057,egorqqqaaa,6114.745600788735
1058,Piefaceman,6187.766181618864
1059,Perseus,5912.49047425637
1060,Uryuwei,5551.197027153668
1061,Enrix,5869.305544671795
1062,Doddaz,6403.7633945413145
1063,Shikinami Asuka,6344.546585766577
1064,Kairi,6533.101642139991
1065,BzMasked,6526.834351794851
1066,mega boob,5918.833088404179
1067,1slayerpikmin1,5960.854358211362
1068,Wilsiaii,5991.3815605270565
1069,Zydan,6240.548798772155
1070,Minami-Kotori,6458.645640321098
1071,Wong9ne,6463.852147055259
1072,Twwisted,5944.485773915421
1073,[ Kratos ],6275.133890462299
1074,Q-Q,6373.254630658598
1075,Dudsunz,6180.880838035085
1076,[ birtHHaru ],5946.796978144018
1077,King Hong,6738.398283214716
1078,erOL0liSENSei,6453.197540386566
1079,-Vexity-,6213.697696743806
1080,StaHursky,6377.473773741853
1081,Screamin Seamen,5537.495555251811
1082,MasterPizza,6749.2283618288075
1083,Luda007,6117.692858184584
1084,Cl9,6299.904812936093
1085,fimy,5927.116588311639
1086,Tetsuyo,6024.391991666755
1087,-n4,6287.052932606976
1088,Wuab,6258.549415408807
1089,AYellowPerson,5956.041297828236
1090,[ CHoRI ],6234.871790121585
1091,Aloha,6667.971678009555
1092,Shiyuri,6782.727273891258
1093,KaBa,6091.799275678499
1094,D1812,6032.549642993058
1095,Koniroku,6430.254240519987
1096,RenardC,6081.840237892289
1097,TheTopError,6022.138410633842
1098,DaddyBear,6748.830817266487
1099,Sewrong,6122.366349785355
1100,Rhonin,6539.919287682952
1101,SpiralSD,6291.908773544853
1102,Adan,5919.1535082348755
1103,[YAMATO],6608.612570959878
1104,[KOR]Hakase,6272.556714459342
1105,schoolbag1147,5886.513912537476
1106,Hyokolu,6583.961064706125
1107,Slaashed,6236.5088926294275
1108,Aguynamedpie,5924.935513943905
1109,L a n c i r,6218.132687339652
1110,Gyutto,6511.065452551542
1111,jayK,5966.776012453822
1112,Nightsky,6596.743286501122
1113,NonxE,6882.830312608783
1114,tremblingSpiRit,6520.884252665544
1115,Siege,5899.71865260179
1116,Kuman,6136.197530185904
1117,Chheng,5973.281273680328
1118,Karelath,6181.863897264217
1119,Remco,6402.951184828269
1120,Snow Wind,6100.983592769252
1121,11g,6264.7788938359545
1122,Tsunyan,5964.593804577988
1123,XgenSlayer,6350.354868794208
1124,rarebostonian,5945.277116342455
1125,bandofponies,6600.628048746973
1126,- Auto -,5831.332312463297
1127,CherryObject,6265.762496400739
1128,k_1tty,5938.161854712111
1129,qaws55,6587.896541233326
1130,Zeciarz,6078.339803568873
1131,SakiZ,6339.1910864823385
1132,Loli Lionsoda,6157.137591707052
1133,-Deity-,6316.455134242986
1134,Heroic,6103.548109301577
1135,mokoro,6544.973352462067
1136,Volcanism,6602.433692953125
1137,Bubba,6611.953308630371
1138,Sk1t4,6220.924275408853
1139,LeeSinOrAfk,6440.089670259076
1140,Dank Uta,6851.816597242612
1141,NEVlR,6385.839478335429
1142,Taiitoo,6458.326080315126
1143,Reazen,6385.2240919442065
1144,ZAMORSKIY,6155.121585702026
1145,Win,6445.176318219037
1146,ikapoppo,6142.969289514302
1147,Voltaeyx,5974.375374984577
1148,NuunMoon,6412.576652552856
1149,Satori_TL,6132.326918783092
1150,-Dreamless,6968.063950700621
1151,Sarviace,6351.151102163565
1152,dlwnstns99,6478.053576824098
1153,selavy,5816.724425770225
1154,Jaitonat,5635.797161884797
1155,Ket,5949.610775956752
1156,muyachan,6275.564248928001
1157,Juanca,6441.7866664570065
1158,Saferon,6480.720558684918
1159,LeftHand,6389.293598608523
1160,Fasutorui,6246.948882240785
1161,nagato555,6190.854470954795
1162,Restroom,6645.406332588369
1163,Azxrni,6012.763952921354
1164,Anq,5651.82227133771
1165,Abrown516,5927.8222568244255
1166,[ Another ],6746.177721852835
1167,Denk,6596.615925808041
1168,Lupa,5936.390687506964
1169,Kracy,6211.588181707799
1170,Ldd-D,6000.600506954184
1171,Kyshiro,6808.555317434262
1172,Surton,6389.1834728110725
1173,Bullen8,6476.313921424168
1174,GoonDugLer,6014.757221412266
1175,Syoru,6864.460729181324
1176,Tedda,6331.709249435552
1177,Ruby,6524.335523354425
1178,Mao-sama,6158.400604396579
1179,Sophia,6696.005275755029
1180,Kocari,5958.529669522546
1181,WBH,6184.072014636844
1182,AR10,6330.881096138501
1183,Vesture,5901.632000854281
1184,Five,6329.887062836119
1185,Jean-Michel Jr,6468.996043472696
1186,Attack,6286.229547377317
1187,Kliu,5960.426895323546
1188,Dubimo,5954.595535873262
1189,makarupa,4736.782298750719
1190,Hestai,6296.478588037186
1191,Asredon,6321.6662967009315
1192,Venax,6093.56311431815
1193,Plumeria,6153.193532326625
1194,Arsaii,6171.217964292953
1195,911,5961.989155441543
1196,skinnyboy3,5959.096966351697
1197,Haita,6366.831919298942
1198,Gon,6031.358436043203
1199,[ Arika ],6641.355844072696
1200,MuffubZ,6730.7872886452615
1201,loljacky,6216.104620962452
1202,Ringo,3317.679641646333
1203,UADJ,6293.665765329584
1204,Snowwy,6829.387620652692
1205,[HR-D3],6362.049566476654
1206,MCValyan,6072.643021288583
1207,- Ryuujou -,5923.261935944126
1208,Guminis,6753.689352095462
1209,auux,6242.5527459039995
1210,play etterna,6076.413460618043
1211,Bielzaca,6283.01524225936
1212,Chupalika,5959.927494879938
1213,Aomi Maika,6277.987431325459
1214,Sanik,5933.186441862217
1215,Mabby,6162.854054692191
1216,Zuffa,6624.952121275376
1217,ske,6447.167090910595
1218,SaBaKi_aZa,6220.878595631982
1219,Skyo,2314.65034834332
1220,[Joseph Jostar],6231.363708471848
1221,adrilolo9,6537.04977271834
1222,DarkwildDuck,6412.164119082972
1223,Nozomi-,6302.283468331958
1224,- Shinobu -,6241.042978732958
1225,HKrecords_,6065.188232517178
1226,Coolio,6441.3934195822885
1227,W33DPLAYS,6246.104993841631
1228,daniel3k,6422.651329729817
1229,Lolis4Lyfe,6240.177911621402
1230,KGaryry,6396.142485270886
1231,Jeffrey,6718.531742566549
1232,birgers,6264.468092527309
1233,Jefray,6185.8494133897675
1234,HeavenEGHD,6431.054748984034
1235,Ene Chan,6501.8888221888
1236,MrGloves,5952.269819944848
1237,rihis123,6902.759132857086
1238,Penguin Sanchez,5948.520897880338
1239,Solo,6761.156249247353
1240,davidercool,6683.855631308551
1241,Kirito104,6388.634641660535
1242,-Vanilla,5951.03958752531
1243,keeyan,6693.511875690665
1244,Tomaboi,6293.336528690321
1245,outohere,5836.598382282535
1246,FromNewWorlD,6013.85940180172
1247,Nokamu,6761.02563852073
1248,Ferra_San,6487.895207784946
1249,rasssler,6322.35718553474
1250,dmxtrix,5933.801185541736
1251,zxeroxz,6322.569849846863
1252,Suprawn,6289.4693776769445
1253,KinglingCS,6106.036045532875
1254,Bazik,6401.700279170307
1255,MiniGame,6148.044623016965
1256,Deadpool,6573.543582629694
1257,N0vy,6378.348289505131
1258,Aceihar,6248.98340635688
1259,- Akiyama Mio -,5927.804400323297
1260,Hanae-,6006.489752947494
1261,Fraye,5925.956489902293
1262,- FleeT -,6055.967364574907
1263,Nyanaro,6544.33839225123
1264,szcsx2,6058.816020739658
1265,57doki,5927.227770702144
1266,[ YoroshiKle ],6261.221695300268
1267,-LoliCore-,6489.247658747614
1268,Double Time,5912.605248118861
1269,-R i z e-,6451.1192145228
1270,Spring Roll,6488.396142491971
1271,Brokenn,6300.503665472573
1272,Preston,6057.158792836375
1273,matt9998,5891.350958986531
1274,Rot,6041.293568936831
1275,Jerome,6483.451143881664
1276,tagorin,6186.455365621109
1277,Jontelini,6385.590649649685
1278,Haruko-,6354.981975598176
1279,[ Dade ],5946.170688609917
1280,MrSergio,6546.077566451102
1281,gijs123a,5862.7433534705515
1282,Rhythm_X,6324.478462979376
1283,[ Robert ],6391.678741999263
1284,Drummer,6604.080367176362
1285,MysteriousMelon,5911.872382717178
1286,Adis,5909.836908117082
1287,Ajo Joestar,5958.279885857031
1288,Przemu18,6104.200246301469
1289,downturned,6325.183038215003
1290,LutwixTudra,5941.381357902274
1291,shigurin,6174.945040898901
1292,Feiri,6197.341180300616
1293,iTurret,6094.759737189009
1294,Laurel,5935.598841594411
1295,VanillaSalt,5943.195105141078
1296,Obese,6460.278085001165
1297,i love traps,6194.335809364643
1298,MrNeener,5944.455030937482
1299,-Slasher,6676.751594101318
1300,hylozetta,6113.8023617996605
1301,NikaRuso,6354.712573148766
1302,- Syn -,5928.191160968854
1303,okotaso,6064.614308984457
1304,ntro,6655.503844124476
1305,Goahziz,5963.772444607632
1306,Zelds,6022.054341498763
1307,xRC,6139.056982076773
1308,mushipi,6219.7772892274315
1309,Konoha-chan,6296.657390909913
1310,Virizy,6224.429211054792
1311,yumether,6692.787514767357
1312,Kynexiz,6445.255141737177
1313,The-Serezhkaa,6323.867621097605
1314,QAQ,471.7802582432155
1315,Pascual,6232.829957322708
1316,yee lmao,6259.740918629919
1317,Yukkii,6495.537255788358
1318,-YN,6763.768437828839
1319,Albairn,5974.733603420491
1320,Frostt,5907.874777285509
1321,yLuukzG0D,6190.709191943076
1322,ThVocaloid21,6526.407042810914
1323,N a s y a,5841.380529186366
1324,kepel,6475.247617789277
1325,-Soba-,5858.931530528573
1326,alfred,6377.837957543377
1327,Fruril,6588.597844438623
1328,SloppySeal,5934.744674091154
1329,MrCrowley,6530.970615927634
1330,Aikyuu-Chan,6797.236035575333
1331,-Kirishima,6365.782049884875
1332,FishFutaba,6164.622107859072
1333,Szyszek,6086.868084081105
1334,Abbe,6539.305115591476
1335,ktoswazny,6256.760470585758
1336,Chikubi,6022.913331376837
1337,Yushka,6278.246188167285
1338,NoSanity420,6344.574110795322
1339,BiPolar Bear,6207.7962404258
1340,HaruHong,6364.865914460428
1341,Small New,6456.750614097244
1342,Senseofloss,5975.820090536762
1343,Youkai,5934.995445370087
1344,Djbakan,6390.231672156421
1345,Xeltol,6047.299378075237
1346,viora,5906.944961267114
1347,HeroicSteak,6148.068556019521
1348,Maus,6726.624226996332
1349,BlackEra,6621.560980700536
1350,Gsin,6170.424047924052
1351,Myylk,6158.388302470326
1352,-Cherry-,6007.110337153308
1353,Jodehh-,6880.325431295997
1354,BouGouDou76,6468.859922008463
1355,[16bpp] Player,6304.246037183484
1356,iAlfar,6480.448532728475
1357,Zephyr IND,6360.369481085361
1358,Namie,6056.696685541172
1359,bozbez,6318.758991658528
1360,TeaBiscuitz,6549.068374624205
1361,Hydrano,6073.135398126982
1362,_Freedom,6332.1771542631695
1363,Aquamarine13,6192.334443964484
1364,captin1,5286.010146494946
1365,PlatSen,6208.476822642064
1366,MouseSucks,6560.0
1367,Graveflame,6627.42391980225
1368,bartekran456,6265.306576841769
1369,MyAngelMonika,6158.691926681975
1370,Lidan,6233.834131248517
1371,TytnD,6274.679163213504
1372,Akwiria,6056.0251638344025
1373,Serito,6365.603776290474
1374,_thicke,6895.0505858100505
1375,Bob Ross,6005.204102575572
1376,C R E A M,6095.346712230463
1377,namaenanka,6795.4216480197465
1378,Lithium,6160.514110772156
1379,- Freyja -,6326.953369761098
1380,dragonazen,6533.168002253066
1381,Kyouya,6132.825109271429
1382,Temper,5916.211922427244
1383,OnlyBjarne,6419.082896506968
1384,ExCellRaD,6833.885244775021
1385,Smc,6233.1536822577455
1386,Vibrall,5934.487910732517
1387,Vanz,6343.052205212714
1388,FireM0on,6264.994251998943
1389,Weyland,6267.674342581868
1390,Danghelas,6705.661980216942
1391,Ver1zon,6404.750948268416
1392,SBackflip,6543.9443435228495
1393,Sulfuhrer,6374.089953506867
1394,Trollzorz1337,5910.524065465714
1395,Murilorez,6164.416644756757
1396,JaviLALA,6109.348458693524
1397,-Nenu-,6512.870494942561
1398,NotEnough,6088.888383865973
1399,Bck-ON,6597.834333711682
1400,Timcanpy,6191.412251012651
1401,Soravi,6273.366390280913
1402,small boob,6560.0
1403,Megumi Kato,6049.993261028225
1404,Klinar,6148.776990559238
1405,Koldmotro,6246.608736352467
1406,SaitamaSenpai,6110.897322236699
1407,Divity,6336.375349395905
1408,Ciastekzi,6088.19252893246
1409,Naie,6206.722098422684
1410,Flevius,6240.18368047687
1411,Emilio,5935.930778595136
1412,Kyuubi,6689.786052715369
1413,hifielskeren,6504.405639590778
1414,Straszna Bzdura,5847.037538862009
1415,Blezzing,6726.386737825921
1416,Vexuas,6575.628258569161
1417,watimanare,6221.634689557129
1418,Hanburgeric,5991.620681334982
1419,-Touka-,6588.920690329105
1420,Lunaevi,5896.945255936802
1421,CanIQuitNow,6520.611346433473
1422,Morax,6598.465777752736
1423,Space Chicken,6170.579644706304
1424,rinrinB,6114.38841020664
1425,Wolkid,5995.690230218486
1426,jub,6064.514539902765
1427,Kardshark,6639.179962394585
1428,_Everlasting,5975.48707002448
1429,terry5344,6353.01989690753
1430,IkiriS,6136.52467342345
1431,BeeTee311,6262.014913185152
1432,Haxvo,5914.455203327787
1433,_Floopy_,6370.881724348315
1434,N1NJA,6110.002151653323
1435,Stoof 2,6028.06114876249
1436,OsuSoniCZ,6371.778345358291
1437,Hakka,6280.566520377978
1438,blooblur,5915.472568459621
1439,KRAIZGER,6586.944402574743
1440,_Stoney,6560.0
1441,Harutora,6000.859036694843
1442,sand sentinel,6870.215952372738
1443,Trance,5933.255315547502
1444,DPPt444444,6437.201507917145
1445,Rain,6040.396204097316
1446,Dab,5911.33560734047
1447,woodzy,6053.591281522942
1448,Ryun Hwa,6304.194474351857
1449,Beardaru,6270.391085300796
1450,Pr3dator-kun,6478.09166531281
1451,Sn0rY,6501.4818939240895
1452,Flizzzan,6261.669652610223
1453,AriizuCA,5910.920939807496
1454,tonnylim24710,6252.644913692381
1455,- Fini -,6461.284371243963
1456,gman,6388.805944651738
1457,roudie,6152.169095660057
1458,Chugger,6487.922457591623
1459,Kiraflex,6074.120727646828
1460,Msushi,5914.764909968599
1461,Accurian,6646.4221178966645
1462,Suzuta,6358.636825003554
1463,-Cento,6155.395937600679
1464,Doughy,6510.718918839149
1465,Fenikzz,5880.1855999145155
1466,Jakesoly,6345.051203207165
1467,Johnny H,6220.496375437127
1468,[scah],5914.857222372317
1469,xWasd,5928.725392482608
1470,beeco,5127.350504920423
1471,Susanoko,6120.362482724363
1472,_indecchi,6571.865136888114
1473,Galilleo,6302.68033982732
1474,DJ EBAN,6179.9880083835515
1475,ShAvi,6241.30519932561
1476,koromo77,6153.79477701393
1477,Cho-hyun,5972.277287094903
1478,Icestorm359,6157.496061137512
1479,Tomas1208,6313.719321062506
1480,Xtra thicc,6219.913338201603
1481,Ryubi,6665.64846295969
1482,forevehappy,6569.898101613689
1483,C O I N,6236.9957734558375
1484,DeviousPanda,6178.966665619345
1485,headstack,5915.564428684911
1486,KasirPL,5956.3563440503685
1487,JEPSER,6246.902839604078
1488,Phoibos,6483.12941798003
1489,chiyoc,4625.997096978643
1490,tomatosiruco,5861.905972661068
1491,KAKALOTE,6255.646432009183
1492,Saunamaisteri,6648.5028535639585
1493,-Stoney,6194.395291677584
1494,Fratziii,6219.934810820753
1495,putigame,5903.894928859474
1496,wakatoshi,6024.594943791854
1497,Hylebus,6659.487369697213
1498,Xera,6533.290610752795
1499,Reoru,6649.416759037158
1500,Utter Garbage,5787.746889699101
1501,Doyun,6491.554367910047
1502,Bluecrow309,6539.732545250685
1503,terryaa,6424.756931990405
1504,Blind,6022.267940268586
1505,[Avter],6091.767350689696
1506,Pannda-S,6142.531851154519
1507,Abody Kashgary,6978.006532440101
1508,AwakenD2,6334.74028737752
1509,mindovermanners,5928.758145254503
1510,Sokru,6126.917271406098
1511,Sammie,5924.840536199349
1512,Thexo,6211.482636781644
1513,gaston_2199,6020.553260827785
1514,Setiq,5797.3008752226015
1515,-Chim-,6345.313513064035
1516,I Like Kimas,5862.010856530625
1517,StrikersZeD,6256.049689032958
1518,Elgenzay,5926.702534459629
1519,M O O N,6560.0
1520,Potato246,6215.023234218175
1521,ElDantePro,6355.776246151877
1522,GokuLook,6459.9540104202
1523,mReKk,6066.152082074189
1524,Ambient,6569.743171601605
1525,-Itto Shura-,6572.641808275249
1526,Vanillaire,6321.718989264764
1527,NekoXion,5917.9349780025805
1528,Binfy,6279.1519849383485
1529,Zemqu,6106.863204176637
1530,Macius2002PL,6272.528316949921
1531,BoshyMan741,5928.707906991184
1532,balpo,6094.979123020903
1533,Olzi,6405.153420458511
1534,- Niya -,5725.806295864779
1535,Amlaith,6299.138046835398
1536,BaMi Desu,6358.802722907562
1537,Aventas,6103.999602527763
1538,henerididdles,5918.076373041709
1539,Lumin,6533.84909322493
1540,Enso,6144.070286026082
1541,Kentucky312,5858.489459905183
1542,LiNGaNe,6019.444274474653
1543,Megalomaniac,6379.333524091815
1544,Stevenn,6194.5302194349715
1545,ded,6303.977017650911
1546,No A Rank,5203.642225441838
1547,- Kyuji -,6152.743588636815
1548,zenya,6030.390358234736
1549,eley,6185.675315825236
1550,Akei,6142.196747464683
1551,Neett,5987.295456337403
1552,-Paimon-,6173.449994024753
1553,[-Kurobuta-],6411.9173288920765
1554,B0ss,6147.193309513562
1555,c1e4r,5957.362136669733
1556,xLeoSOULx,6414.648712927039
1557,be-bu,5961.2473818834105
1558,Bowashe,2353.0418219362095
1559,iKillRocks,6543.284384033471
1560,AndreasHD,6071.92512941376
1561,SAD_BAKA,5991.843958197346
1562,Kooper,5921.273428898268
1563,[XV],6414.527375563224
1564,hoonaaa,6083.791648638145
1565,wendyes,5924.027521672566
1566,escpoar,6456.337170673389
1567,Kuro Bibi,6469.381755818413
1568,Didas,5920.89112485022
1569,Foeni,6272.090421676445
1570,Firelord Pusza,6280.728310315777
1571,Marawishka,5997.878814067059
1572,Fuma Mishandra,6188.63215732487
1573,Happyjon,6463.2492034260085
1574,Tweevo,5925.4540172619945
1575,Vitara,6190.001088394178
1576,Free yourself,6247.146783598495
1577,dika312,6894.690669144592
1578,RyeoCha,6135.573405737768
1579,Poofin,5924.5684509924195
1580,iHeartSnuSnu,6555.954184845355
1581,Juan Fail,6485.133713290793
1582,NaxHPL,6289.936038313041
1583,ivanpotato,6661.805128814804
1584,pimeklatu,5922.100135618497
1585,lsx,6049.474231786901
1586,mintyan,5513.112460745648
1587,Whathaveyougot,5934.991612079539
1588,walao,5909.810749630067
1589,EnterYourName,5781.180741587012
1590,Wave,6716.010151185857
1591,NotTheRealJohn,6225.737556725173
1592,-[CoalMiester]-,3895.7702304958184
1593,DOCE,6562.873356281209
1594,C l o p e n,6567.02326824125
1595,Roxas1208,6471.990820274005
1596,hemp,6368.994006557314
1597,DarkGodZereff,6840.652965188443
1598,Akeyzor,6200.379405622954
1599,Pato,6560.0
1600,PixelRafael,6088.0183717090795
1601,waruo,6113.869968427243
1602,Aira,6412.2064790248505
1603,MasterQing,6465.943527578057
1604,Shuvi-,6236.23816679216
1605,[Danny-senpai],6544.002127498698
1606,DOPZI,6597.841914213134
1607,Maksimys,6060.531464729115
1608,rendaru,6272.633152083213
1609,JustBob,5924.578294332257
1610,AkaSUN,6043.9011000592745
1611,Kyoja,5878.499384838324
1612,CircleFairy,6389.212098658537
1613,-Yui,6399.712463832832
1614,Iambosszie,6282.627688181476
1615,-Crimson-,5922.490701843793
1616,wow_zone,6062.340471170029
1617,L0st,5917.777737937822
1618,Fighteeur,6566.7595237902815
1619,DragonPicture,5767.70106151332
1620,Shrik,6152.192745963286
1621,jakster448,5918.014994746914
1622,Ravenclaw1,6169.725018126753
1623,Kyurem,5921.653621025114
1624,junheah,5957.190997942113
1625,Mewery,5918.878252690956
1626,[-Avalon-],6357.191454239488
1627,neeJappine,6255.194884643688
1628,SpiderKing9,6207.0307356641215
1629,Naze Meiyue,6531.471711485601
1630,desireofpainx,6056.00470645774
1631,xShielder,6342.873670773621
1632,-SuHeRa-,5979.929341397012
1633,VileFury,6235.938172556451
1634,Raddy,6204.045795797145
1635,juanpitox87,6184.899650100917
1636,Route_2,5947.807629084807
1637,Arakene,6025.015822863112
1638,Tekikatokana,6467.0146082372385
1639,RoseBatty,5954.572702701321
1640,Steamlink,6555.126072373972
1641,cilia,5974.025626033853
1642,Rem-chan,6097.9946229735215
1643,Uru Feneshisu,6360.350943128378
1644,Saffaz,5919.478933422081
1645,Raitoningu,6105.608773086903
1646,monte1,6245.827557658783
1647,Yoshi City,6417.577025561425
1648,Basically God,5919.389169031361
1649,- Luna -,6297.764214807257
1650,hakuna desu,6362.3188509462725
1651,Kuzoka,5191.378186620146
1652,Drerrie,6327.899436527829
1653,Deepesh,5960.941654348966
1654,Typhlosion,5924.145686436484
1655,cleminiti,6146.269389079015
1656,FatalMusic,6565.523337451411
1657,Edna,5922.92469882453
1658,ikhebepicmuis,6200.344793482789
1659,[ Froglet ],6116.577334279525
1660,Team Rocket,6033.194926922208
1661,ranses666,6206.280095191606
1662,[ Yukinon ],6099.33811548554
1663,dint,6316.76866159311
1664,-Alyxious,6180.828172215557
1665,Seregon,6414.147900788794
1666,ALTERNATOR32,6309.455364380011
1667,Nainor,6036.035634809039
1668,Hoppou,5923.325296245868
1669,Don Omar,6132.561543473495
1670,Monster Bait,6753.966038839679
1671,Licorne,6894.920359603679
1672,HaLyu,5895.045258691351
1673,PriPalaala,6028.7286411132745
1674,VerizoN,6529.208071538207
1675,Sengio,5989.076417878136
1676,Dekou,5903.867992796207
1677,awmslayer,6760.2055456612425
1678,MewzaH,6342.572362723225
1679,- XVZ -,6372.047799152953
1680,subgenius,5923.153111774131
1681,Heartzzz,6238.174679071922
1682,FreakyCat,6158.441095957379
1683,Hakaliano,6267.883974567565
1684,CooLZ,6215.570625810702
1685,My Acc Sucks,5875.508564197658
1686,Kahoria,6277.473134116628
1687,pdobb0,6063.819002626066
1688,Jefar,5922.170622232026
1689,Joeyekid,6308.205575700923
1690,Megapcmx,6548.365502070095
1691,Kirmat,6427.709632870405
1692,OsuStarDragon,6350.791238838953
1693,TalNorY,5919.976290871592
1694,PsiOniC,6069.3424440218205
1695,Nesinnu,6122.1376838941815
1696,edamame,5955.736628600716
1697,RipG,5921.375553953452
1698,sasmax,6301.989474621081
1699,Van3x,6057.3286556905905
1700,Kepap,6027.891927637204
1701,-Rafterz-,5937.644724249818
1702,Sebby,6250.3892695182885
1703,spaghett hands,6455.375129810739
1704,hartzxx,6145.635397416889
1705,-Akeno-,6231.731431718807
1706,Mira,6560.0
1707,Linada,6344.9369789596
1708,Kiriyuga,5975.769602132684
1709,thunderlambo,6522.923218467605
1710,LXShade,5920.940318065472
1711,Dzony1337,5992.044811389376
1712,john25k,6496.678379584091
1713,eason123222,6203.021937681673
1714,Pokentos,6219.1916326544415
1715,Fangslash,6325.406863791948
1716,kilacco,5866.078019196701
1717,koteyka20,5995.097737446253
1718,skalman1231,6128.8936429662435
1719,BOBEK,6080.398857577132
1720,- Konpaku -,6263.194917820489
1721,SlatoSucks,6312.854130202792
1722,IITotsukaII,6035.3924125542035
1723,yuuch,6107.874008924573
1724,Emilia -,6228.280338811478
1725,Ranked,6327.787118424604
1726,Shigenara,5966.398433270493
1727,Gloss,6128.2636248111
1728,Tooez,5918.7315510136605
1729,Macchiato,6115.675182803954
1730,Flying steps,6235.935788786418
1731,-Avation-,6063.301786000564
1732,Celstea,6104.084632609846
1733,Fancyguy,6274.955558112159
1734,Gadmont,6582.050562291374
1735,hhjkl,6401.569904708742
1736,roar,6462.327641559638
1737,bhir,1434.4906741150944
1738,Mizu,6100.823449444894
1739,Koizumi Chineko,6219.739004497187
1740,LgybgRg,5577.768868814532
1741,xiaofenghui,6017.881234207285
1742,AizenBubble,6268.043517515601
1743,willy0214,6043.549665277201
1744,koreapenguin,6167.129445987288
1745,playa,6347.018813078525
1746,saitamaPWNZ,6021.10195190508
1747,pureownsnub,6207.023117988743
1748,A s h e m u,6073.923409006447
1749,Marigold,5982.748556901435
1750,vectus69,5947.332606328308
1751,DivineWafflezz,5812.966270789066
1752,Flying V,6232.017435559344
1753,Symacon,5918.830341820723
1754,Cassu2,6502.8746898508
1755,pkhg,6640.71963437054
1756,Ben,5863.028289700083
1757,Xurnub,6014.871044364119
1758,Fizim,6368.48996895862
1759,Moyaso,5735.598716813619
1760,Segregate,6253.257957667003
1761,hmax,6138.411308063198
1762,Cydros,6155.861186920039
1763,Hqrdest,6228.477857548569
1764,Demax,6056.203587394689
1765,isuzukawaii,6560.0
1766,Greens,6168.835761774748
1767,KarmaDoesOSU,5875.4788596672615
1768,Suminoze,6474.115579676644
1769,Helikaze,6249.953263385272
1770,-Rekai-,6258.876130594989
1771,DOmiF0rz,6403.204411707086
1772,Timmy Turner,6089.8824789922355
1773,pekkanto,5901.221526989084
1774,Kuzune,6256.304558207004
1775,Wolpis Kater,6560.0
1776,OK_oreGENKI,6086.320810968034
1777,Moge-ko3,6161.344313970707
1778,Lifeless,6438.256826680068
1779,NekoNyaa,5862.392444770982
1780,olteR,6508.77524333669
1781,OcraM8,6144.520766766121
1782,Luisiho,6382.841902650902
1783,Chiefiezi,5985.66372153901
1784,VGmaster,6192.9171261495485
1785,xna,5867.765986801834
1786,Sellow,6099.708634067663
1787,TsushiYoshiko-,6256.942513294873
1788,Flamie,5969.780221479496
1789,KittyForz,6451.3645672917
1790,Ma13vr,6790.684591298344
1791,Prendar,6419.2100861362305
1792,[-MVHELIX-],6245.307505600178
1793,Chishiki,6008.108909692813
1794,ZeChan,5916.856155252967
1795,EmeraldDerps,5916.834270658035
1796,HahaGeorg,6691.545464388118
1797,Seoule,6294.360174139547
1798,Alfalik,6333.049269993154
1799,EagleDoge,6168.178791510365
1800,Saryi,6066.544614448016
1801,Spider,6521.172359433024
1802,tomoko,6070.4315489490455
1803,Metafase,6610.921470138015
1804,prophet1866,6214.148761925855
1805,s3_Fisher,6560.0
1806,KaraDaxx,5861.870445174616
1807,Seer -,5936.597444417937
1808,People c,6648.186538537623
1809,_Kuroni_,6063.296115816702
1810,Netherz,6141.742513638765
1811,Omniterran,5912.099210687087
1812,Y O U - O K,6125.844677312157
1813,[Nii-san],6088.378570890229
1814,Daycore,5997.951135381303
1815,Gogolo,6123.980745959845
1816,Nyxas,5876.918513432521
1817,StiKsy,6013.807056762249
1818,Ruruchi Senpai,5927.216871018516
1819,Miska,5874.948971389373
1820,LoPlomo,6621.09593894048
1821,toybot,5915.372236003375
1822,Defend3rX,6426.1986941254
1823,RiderXfinity,6032.428526338719
1824,InvisFrames,5968.064373183005
1825,polkiujhy,5982.386329332511
1826,_WinTer,6888.200647289455
1827,Sagu,5989.875457073714
1828,Devocub,6700.3687612165095
1829,cc5838p,5122.2275350104455
1830,Egoist -,6131.9311075494315
1831,1nvincible,6035.23833364952
1832,fleshpound116,6167.4613932845
1833,GranmasGotGame,5910.606141193497
1834,NeXoN-PL,5873.03029325399
1835,Rynkeku,6644.092029872811
1836,DizzeY,6135.304786406551
1837,yf_bmp,4917.996527080642
1838,imsleepy,5922.981807281801
1839,[Graden],6036.290488047627
1840,Halfslashed,2203.950943150703
1841,- Jeanne,6227.070333227114
1842,R a h a r u,6327.269256877041
1843,Pluisje,6722.765019296137
1844,Titan W,6055.954005778902
1845,Tilt on English,5863.253128551484
1846,Turquoise,5997.887512873139
1847,kevimgod,5952.588758035843
1848,fdsfd,5924.006170742542
1849,Plain,5920.0099804311185
1850,Gamefighter3000,6023.729255518769
1851,[ Archer ],6317.502686716763
1852,LWMF,6697.095905113063
1853,Rashomon,6005.480405270046
1854,RealSlimShady,6139.156252713979
1855,Muzkan,6821.027192225708
1856,Redias,5949.0022011760475
1857,zuchima,5885.580581047925
1858,Saaba,6158.144485252524
1859,fozzy425,6273.400527173967
1860,-Famous-,6109.189674064001
1861,BenyOsu,5998.455931623078
1862,InSanneHS,6188.326963910122
1863,Asymmetry Echo,6528.116942763276
1864,Reicer,6161.392471838049
1865,Jo Beyeong Su,5932.007496804026
1866,[Suiseiseki],6050.840205965473
1867,Luminuso,6181.738973961697
1868,Kanon,5633.16750471475
1869,xRow3,6632.647790348926
1870,iStrzalka,6036.526570670712
1871,siewior,6128.602344266588
1872,Ievi,5912.388166412664
1873,Gun-_-,5872.453621548457
1874,Bakuenjin,6065.616816296621
1875,claryiaa,6011.30333420236
1876,SeventhEdeN,6292.031502518359
1877,Akanezora,5927.733662590994
1878,Zixthehut,6371.544202988411
1879,Vexy,5889.614213164915
1880,WillieXDiadem,6376.143756193094
1881,Cactuar,5452.941383727143
1882,-Zel,6304.7186172961065
1883,Witch,6031.455486533834
1884,Hoppinloli,6021.394784851684
1885,My Angel Kanna,6070.273830186701
1886,Rycloz,5997.812824666295
1887,- Kirisaki -,5857.317859440076
1888,TheLonePiggy,5910.197586813512
1889,-AIAI-,5941.959915128058
1890,SkeletonK,5905.519609952128
1891,dong,6386.977910056986
1892,-Nagi-,6560.0
1893,reflexbeast,5912.313580817812
1894,Standard,6035.2768871148455
1895,Tsusho,6004.874479481661
1896,pod,5963.98100170509
1897,tumnut,5911.212680118132
1898,Fraggy,6303.28519505051
1899,BerryP,6042.1734952041
1900,Reveil,6166.484361700638
1901,YukiNeko,6336.17723933516
1902,Mistage,6136.8803785121545
1903,zSlyr,5890.867744398171
1904,HuNted,6055.4572646388915
1905,Dorovon,5901.661333272776
1906,Sayapis,6043.447120207931
1907,Sullgy,6037.919440110562
1908,alexrb22,5911.45640347592
1909,Chocola,6419.937403323889
1910,Technicale,6180.064807299249
1911,Khunee,6160.597389504021
1912,Dorper,5910.109671980343
1913,Syperek,6069.450808301101
1914,Stift,6266.30879904448
1915,hapihapi,6048.206428640961
1916,slimmecodo1,6284.716716862168
1917,Talent Shredder,5903.481983727762
1918,Tsio,5909.975836700089
1919,Ash_-,6271.7667610673925
1920,Corrupt,6760.521485608257
1921,Deolink,6692.876340589197
1922,Subaru Takamaru,6678.675591578368
1923,Xalen,5985.021469704692
1924,Subskrybent,5943.04464023322
1925,PhunkPai,5911.9665361702955
1926,Exceptional,5908.625557776702
1927,Newjack009,5862.637909165545
1928,Schawako,6033.67652657703
1929,xX_MusicMan_Xx,6395.825378015042
1930,harthunter,5908.575155366771
1931,Ranrouss,6087.491442570783
1932,Maxium,6683.367856927798
1933,-Yuzuriha Inori,5904.477194665299
1934,dlynb,5890.278966105039
1935,Ven0m,6080.361109326508
1936,Elzapatoverde,6956.560255350861
1937,Civil oath,6055.903847450887
1938,Sonico,6244.239468960446
1939,jackisgone,5901.479307330119
1940,Sebasten,5987.708711534049
1941,Sapphire Eden,5911.915270093161
1942,HotaruMiraiRin,6172.470299225554
1943,-Frosty-,5903.963430681459
1944,HoboEater,6054.451032821082
1945,Satania,5986.141754044354
1946,TropicPlayPL,5958.18668144263
1947,RyukSen,5984.276608898134
1948,Vanaely,6462.868714554326
1949,[57HmOnlyL],6211.424136282514
1950,Sh0kku,6394.981220302665
1951,Coree,5975.306354420571
1952,wreket,6829.248407889171
1953,F e n n e c,6032.903576967656
1954,coowhip,5903.929063665889
1955,JayJay-San,5909.222562220197
1956,-Asii,6100.13883950615
1957,Lunatic,5641.78653644748
1958,I A,6044.507749949598
1959,Whiiiskers,6062.970524001453
1960,ckbruin13,5735.361302961701
1961,heoiwnl,6027.440292579997
1962,Yukitemi,5905.010767188975
1963,Chyr,5903.741286433196
1964,splashos,5947.5926726890975
1965,[Shiina_503],6552.765403698926
1966,krotoxx,5902.588487846342
1967,danielllos123,6098.890107111601
1968,Justin,5902.497611674376
1969,ShinRunner1st,6276.121969623798
1970,mattagon,6311.670452490895
1971,Fureeish,6050.247412634797
1972,thefaiint,6003.8415333364455
1973,daifukufesu,5896.169338807544
1974,Gebhuza,6538.0801504210485
1975,Ingushew,5887.56196748193
1976,aaa840905,5913.989500395431
1977,Funk the drunk,5901.843388558335
1978,ImNoob,6372.311123574289
1979,Broxce,6144.308880624479
1980,[ Yeah ],6201.0049165820255
1981,Bonk,5901.815725760815
1982,Lestia,6099.014982905275
1983,591,6229.1926282603745
1984,-Sphere-,6320.433704023137
1985,Tokotori,5892.645041152935
1986,KezDaBez,5865.987054170234
1987,Crylizhy,6701.43795929434
1988,MyAngelOkinamo,5921.683618281717
1989,louis0808,6549.195387273012
1990,tetemi,6253.10071259893
1991,Ued,5969.876488542748
1992,Reifa,6033.648786896081
1993,HPK,5787.738397382943
1994,Akkelobster,6417.1582730928185
1995,icera,6756.011503578564
1996,BRAH,6380.962519925432
1997,Fobxx,6029.29556014341
1998,AlexTroIIPsy,6322.080927876658
1999,Xconor,6065.593104772766
2000,IzumiSagiri,5956.087034591593
2001,Niklazy,5979.4145028197545
2002,R3IMU,6005.0126823017945
2003,[ NekoSama ],6050.559597093289
2004,Schiggy333,6064.730336952121
2005,MnogonoshkaArts,5989.352147389005
2006,ZyzzelDESU,6070.588525982648
2007,SnowNiNo_,6397.299687811092
2008,litz,5991.366327720479
2009,CrimsonClaw,6055.037447956942
2010,SWAT,5898.161208952196
2011,meow309,5989.363638629804
2012,xQuAle,6043.1265022022935
2013,Hikaru Rose,6299.869578713391
2014,Animeshka92,6033.5911677963595
2015,WaDiHaDiDuDiDa,6081.319963424094
2016,decowmon,5987.469888015206
2017,Mozu,5974.204046814403
2018,Suzumiya-H,6103.861558389485
2019,North Eastern Tiger,5979.926966390393
2020,Drewskiii,5985.197274568953
2021,Prometheus,5965.530082267307
2022,Rafacar,6032.7257687397705
2023,polkksm,6122.567072141424
2024,ratokkoy,6511.2170072066665
2025,- Twoearle -,5947.007028441877
2026,Chokiis,6263.727092494068
2027,Martinch,6530.877481780333
2028,Harju,5994.09090136837
2029,Sullus,5899.049553058634
2030,Sahray,6024.031090016082
2031,YELLOWSUPERCAR,6185.055267780616
2032,Jose,6855.958071864472
2033,PresSure,6076.2355187831345
2034,Sentences,5879.688938358497
2035,rEdo,6110.83920100994
2036,[ Echidna ],5892.679727945101
2037,Klosew Senpai,6015.3705975909725
2038,-i-,5901.65153794523
2039,[ Mao ],5986.25565395316
2040,Hyrax77,5882.150453225775
2041,razorx22,6165.865560300698
2042,_TheSniper17_,6016.6980801700665
2043,BLAZEEEEEE,6078.848515698303
2044,Arthi,6381.411073823494
2045,Orenjijusu,6319.352493944035
2046,UrbanJackJr,5920.895625383286
2047,Byron,6106.377003252341
2048,Takagaki Kaede,5891.623847680221
2049,Yellow Opera,6091.966541422754
2050,Paov,5899.309753660919
2051,- Chris,6044.574819362332
2052,Oise,5894.177759463588
2053,SakaIndy,6086.589542930027
2054,mostwk,6070.610951368667
2055,cubesolver,5890.694904926351
2056,Feynted,6179.0890168207825
2057,- Milhofo -,6604.312326341055
2058,_FyMurakami_,5905.901493276885
2059,BasedKyouDos,5894.992734530262
2060,Jabaka,6082.175500453321
2061,Elohano,5993.090463443751
2062,Bren,5891.881447111124
2063,Fart,6137.915165114998
2064,Juzaa,6248.993746675228
2065,zzzbored,6429.152703611317
2066,[-Sekai],6212.667139403187
2067,Jop,6062.967207551852
2068,monsternyu,5990.303055647027
2069,sLeekzz,5930.078950051319
2070,aloadingscreen,5888.8836430203555
2071,-Stella man,5988.312911308621
2072,Baba Niku,6155.21048621088
2073,Zloi,6137.386558611324
2074,Krisu,6021.048405873845
2075,uCHARA,5901.498317232174
2076,RIP SLYME,5919.796040816818
2077,inabateitoku,5965.402364297696
2078,_Woody,6077.787733382761
2079,Martan156CZ,6253.61447821001
2080,Rarth,6414.3589603137625
2081,SnowSymphony,5984.4821393847615
2082,blumenwind,6016.855840951295
2083,Tichus,6456.656795321259
2084,DoodleRol,6300.581946307257
2085,-Noumi-,6895.455206247402
2086,Shabui,4243.475550397456
2087,[HDHR],6626.721282697547
2088,pomroz,6109.196846413035
2089,Aristhena,5887.696349960714
2090,Helpsion,6311.7777270575425
2091,sishigurenlai,6230.837743558757
2092,HaHaBear,5544.455639016365
2093,sval001,6431.0612883125905
2094,saremesucks,6147.148854310036
2095,Nikko,5951.728235406529
2096,Lavreen,5931.563115518768
2097,Casual1,6073.680554347434
2098,Nyaamara,5886.501272749256
2099,Touhou,6015.103004547782
2100,Ciisa,6227.434833470248
2101,Furious67,6489.595710168268
2102,FightForJustice,5877.722262048774
2103,Little Sister,6449.16443141474
2104,Unspoken Jez,5738.777071818863
2105,DuckWingBOT,6770.152606773363
2106,ciabs,5992.76226721807
2107,[1Min_1Sec],6023.739687216818
2108,Frozen,5994.248637013898
2109,HelloBlack,6284.078395306578
2110,DJ_Nyanodesu,6025.092237264644
2111,111,5908.493297398964
2112,Zoneeox,6072.9950654622835
2113,stackerjoe,5884.769176091256
2114,Hwky,6063.128392839104
2115,FlowZ,6183.390833939428
2116,sinixy,6097.920166238782
2117,Sanatra,6309.242966556266
2118,Brimroth,6408.41768247326
2119,mado_ka,5322.104161555761
2120,Defacer,6716.22746709863
2121,Hakkun,6487.607733928305
2122,Onyan,6027.815382869563
2123,ward chong,5892.6866948569495
2124,xsTiLt,6200.944109800265
2125,PsychoMelon,6226.674518769387
2126,Schweinorg,6022.297213362729
2127,Catshy,6044.030831416288
2128,spoN,5912.253018236569
2129,ikar0ss,6122.650906624895
2130,Sweet Dreams 1,6663.685901167887
2131,Rotax,5881.867716816199
2132,Xilent,5885.804227603813
2133,TsakoZ,6579.7963180415045
2134,Michikoto,6589.803436291653
2135,EnderOwlPlays,5879.876317451908
2136,- Amatsukaze-,5893.70486504224
2137,Mikumo,6011.8872581184
2138,Kenzo,6107.301896671724
2139,gerardhon,6106.302262005284
2140,WacoTaco,6149.724169093742
2141,Judani,6337.377116037075
2142,Dartandr,5994.775083246127
2143,CodeFur,6189.514850353769
2144,deanyboi1,6208.230856492217
2145,yuzuruftw,6006.507544305099
2146,nenohi,5991.86068842714
2147,Achiayen,5935.923493261984
2148,Keno,6232.313612138715
2149,Tokida_san,6229.539371068146
2150,Rocktune,6016.886404660867
2151,andybobo,6296.961176946784
2152,Isuca,5876.838786896278
2153,Jintae,5876.056257259131
2154,Qsir Dragon,6291.929286463056
2155,Regedit,6201.070600910702
2156,AHL,5857.6076368348295
2157,Ewen,6071.071747556413
2158,UltimaticCatz,6108.259027844573
2159,ThoG11k,6279.8025681226845
2160,tdks123,5622.964273133429
2161,Kargo,6143.163354481298
2162,bakaWoot,6321.765014644183
2163,-Seiko-,6082.818711571282
2164,[Shimino],5925.912594903898
2165,_darkknight_,5888.293955111621
2166,Madokami,6361.195362096572
2167,young_hikka,5892.578430628719
2168,HuangQi,5861.235819924549
2169,KOI_JAPAN,6248.910917353258
2170,Myke,6635.452793424524
2171,Nemesis-,6126.439557141579
2172,Kobra,5869.149304882346
2173,SnowMery,5882.59469256112
2174,liminality,6454.367881279827
2175,TomyAA,6082.200534770182
2176,Anaesthetic,6063.263965120708
2177,dawerte,5891.925711947034
2178,cubathorium,5985.848292850438
2179,Dagresha,5826.764121500724
2180,JukianVOsu,5930.576232941859
2181,-problematic-,5895.962755640147
2182,LightCute,6128.979342411086
2183,DaNoobSlayaar,6286.816292959834
2184,Utaha,6338.496115920732
2185,jawnmewn,5828.339820546844
2186,icytors,5866.617575002005
2187,[ Sekki ],6006.624871230283
2188,Barakiel,6082.395713143699
2189,Extaru,5865.487850344123
2190,Shiro-,6148.709811059772
2191,Itou,5885.040228476449
2192,Zaiyda,5955.8409781784085
2193,sebamanski,5986.483989921812
2194,Mazm8,5985.557439199759
2195,SoniKS,6716.876046335622
2196,xico00,5989.969300663509
2197,-O M E G A-,6174.154764448734
2198,Aoren,6325.392035252224
2199,g77gg,6231.234415059802
2200,Ristu,5855.508531546032
2201,Agagak,6770.410406783821
2202,kar_ilnur,6060.259438323743
2203,sushipack321,6631.393216459034
2204,IN4001,6233.345723329528
2205,Nobus,5916.650824791608
2206,fradiger,5864.639924348187
2207,Alsu,6480.016585724464
2208,siide,5926.606865087318
2209,r3venger,5868.296673407644
2210,Razekon,6203.599703476617
2211,maybeAghost,5701.918191480707
2212,Skrypt3d,6364.159033348973
2213,DrFluffy,6197.140068199526
2214,iBeaver,6091.563632037614
2215,everlasting,6011.27572847177
2216,Tartis23,5971.9466572583315
2217,Vatiii x3,6282.600064967117
2218,winber1,4424.691172318865
2219,dancol00,5961.756719822867
2220,Runeandre4,5970.84993092942
2221,Serence,6308.572522066623
2222,-DjNemas-,5947.931840504534
2223,Olleu,6011.980743412373
2224,Winfall,5857.89068688057
2225,XbeastXbx,5861.39626776228
2226,[-Voust-],5925.065685796937
2227,DT Overlord,5862.008849570023
2228,Reik0,5929.215819627921
2229,UnReAlLeg3nD,5998.53828624131
2230,Nathram666,5982.986611583619
2231,SuTeFuaNi Dora,6179.803778504021
2232,-Tetris-,6032.108047664004
2233,Aquantum,6505.340602775321
2234,GeekYolo,6256.408319495862
2235,Runya,6077.143993134268
2236,yosario,5857.502048763425
2237,Storm_Panda,6035.7057539994075
2238,p[ LYNCH ]c,6071.9201312669275
2239,_Crescent,5990.215627469574
2240,Clippy,6238.453770967682
2241,Beav,5919.3116925857685
2242,ieatyoupwn,5819.360218832888
2243,AbuseYourDNA,6429.079686130931
2244,[Holo],5854.008039935017
2245,hanari,6446.367627941038
2246,Snuckles,5990.499848627327
2247,Script,6047.563632580875
2248,xDeliSx,5899.326071314066
2249,Dcyte,6379.409619144996
2250,ImMyyrh,6667.703107198631
2251,-LucidDream-,5938.527266212934
2252,dragonsaga,6262.286404681211
2253,HySkoa,5999.0566786470845
2254,Waaif,5955.4501259655
2255,Kevini,5914.188316377633
2256,wfcaqja,6063.682917602219
2257,Hakuma,5852.0618320401
2258,Ceryuia,6217.40174469241
2259,TheSpongeBro,6349.0818609047055
2260,Noune,6426.01258880639
2261,Migishu,6233.515819978347
2262,Breic,6189.234146697147
2263,Goatgarien,5850.7277188040935
2264,Kurumin,6718.5636173832045
2265,lup,5943.996534215659
2266,Nogar,6587.098575273122
2267,Doxa,6482.002392291125
2268,[Yuki]iona-san,6632.447739858724
2269,HanaTIA,5998.318861888955
2270,Aoci,6242.710903919456
2271,RemoteControler,5849.8654895147465
2272,cacao,6058.067072179271
2273,Shionji Yuuko,5671.962238927377
2274,Charmander,5847.872390329158
2275,Nhato,6210.912738640771
2276,Sky_Delta,5848.879925400126
2277,Miku_Roli,6354.6223740991445
2278,SubParGaming,5847.443418480391
2279,LemonLube,6398.4344069979325
2280,eijikong,6193.695376359741
2281,Glocked,5840.801562190461
2282,-Shiro Yuki-,5975.802419754937
2283,darylpthomas,6367.312961454976
2284,i8atree,5845.287194891029
2285,Cyni,6196.768904793121
2286,Yoon,5953.249957452844
2287,OneangYeti,5892.531028208324
2288,zoisite-,6147.241502619219
2289,raw0123,5845.4549857724505
2290,SymhX,6052.777299117402
2291,Pyro450,6313.60485364541
2292,KneeKo,5841.863773895431
2293,Kairooo,5927.745937192907
2294,PRlSMA,6115.315072642463
2295,- Bicolini -,6296.9064601427945
2296,moyashiPA,5998.239163426761
2297,Gruszka,5989.875525988772
2298,Skeyller,6350.94445794545
2299,windingpath,6560.0
2300,Yato414,5845.187614339011
2301,VamiCottem,5979.834957229146
2302,Jpeypey,5862.592771308232
2303,TiRa,6113.45996577426
2304,iRiptide,6179.688801940717
2305,KizuGotar,5994.69242261621
2306,Hauls,5839.115042466634
2307,Spender-R,5862.745256594248
2308,Anchobee,6704.111878879697
2309,MegaWhyNOPE,6348.682518062047
2310,Velari,5833.962478061143
2311,SmiLe999,6348.412895425062
2312,loliJoe,5923.239760095423
2313,kyu-vox,5930.462857842576
2314,_BigBoss_,5872.5875553939095
2315,Inactive User,6091.153003151419
2316,rcbury,5898.4200599201295
2317,Kevinneth,5835.654862509338
2318,Mindovrmattr,6031.72754070706
2319,vfn,5960.827324281046
2320,SheshaiV,6008.448857269997
2321,Poffy,6032.216924802838
2322,Pan Ye,6196.046901348536
2323,Maerow,6176.648302724857
2324,AscensionDTWhen,5880.504218333525
2325,FeyCeNn,5930.663241895101
2326,qwezxc3975,6245.702712677031
2327,benferrai,6374.518161644672
2328,lexk,6076.696698435768
2329,Ystear,6149.1586923629475
2330,DefaultState,6019.072337494162
2331,Happy Pringle,6079.003520420961
2332,Wolther,5826.462944310806
2333,Theseanbei,6544.366200619284
2334,2127,6305.165516818408
2335,sX-vKz,5907.042713356419
2336,Satelliten,6238.629806154033
2337,lllumlnatlo,5548.237244328833
2338,MrAntagonizer,5907.682837920669
2339,Lie,5825.52534329585
2340,Kipp,5979.692443438173
2341,TheTrueHokage,6030.121423706039
2342,DrichAldrich,5820.928272757214
2343,The_slumpgod,5822.326209005335
2344,-Shana-,6356.487598770874
2345,Ayo,5823.3973930106795
2346,Knakworst,6011.733436188082
2347,112servis,6798.1953869473155
2348,Zyxus,6109.018176496858
2349,[ Spydor ],5911.274908036477
2350,Zoel,6048.4582417421325
2351,troubix,6077.712557105096
2352,iFiZizZ,5999.426374311823
2353,wavec,5987.584247476171
2354,Shock,5810.979498483509
2355,[ Vitor ],6075.979947176023
2356,Post,5815.461132718096
2357,hi im Aaron,6046.10380995554
2358,akwari,6271.08096581684
2359,KuKu_QY,5982.142781726196
2360,Auezeras,6356.37752852695
2361,lazyrifi,6520.548952088257
2362,Saikou6665,5950.552011084233
2363,Darkdragon11,5925.090970510273
2364,EnjoyingGame,6084.65887237131
2365,Kexan,5945.572009388739
2366,GamingCrimes,5911.551109519449
2367,andresrod,6075.606607630661
2368,Oysto,5812.450884384691
2369,xRillerx,5954.62321075332
2370,Jaki Chan,5900.993266793668
2371,Glen,5938.042960516403
2372,hemelo,6065.718418812704
2373,Unspoken Gimff,6336.644502584463
2374,Riselle,5911.393355144556
2375,Atarame,6569.091623990444
2376,Ringer,6148.438684837814
2377,Kool-Aid,5973.870098966159
2378,-Onoya An,6216.616684960462
2379,SadNinja,5799.432849195584
2380,Seynn,6035.403950769367
2381,- End Game -,5796.709975505258
2382,Tenyante,6493.440978824696
2383,Rapty,6814.063604045291
2384,Koma-,5927.20059397431
2385,Toyosaki,6263.7682808955215
2386,Omaru,6463.858584054184
2387,Avenora,6350.426035053468
2388,Wurf,6143.926918774466
2389,Chazt,6132.731885748206
2390,ebiltun,5795.1818134980895
2391,DeleteChannel,5931.898557014434
2392,Raynel,6006.946510178027
2393,Webster,5935.369345158957
2394,fumis,4242.28757501636
2395,Zed Zexry,6075.566115533504
2396,Sayori_yui,6141.249655113302
2397,DmS14,5924.954056934621
2398,naaar,6027.5340389298335
2399,- Aj -,5799.8274722964115
2400,MoonkO,6233.603248919956
2401,Gingyqt,6236.086489972273
2402,Pase09,5969.579282337091
2403,leandroxdd,6426.993053666091
2404,Tonttuvain,6302.111713086166
2405,Gabe5765,5940.985218194536
2406,Julio,6360.388712529196
2407,SawiK23,5940.605171157185
2408,Micaso,6253.167849016843
2409,Knd,6176.310233808279
2410,- Felix Argyle,5930.546914533149
2411,iRumble,6005.465263690754
2412,Kuuma,5791.527728775046
2413,Ruri Gokou,6483.611651743705
2414,Adorable Whale,5783.387497499336
2415,Atmozflare,5930.853017073834
2416,God GMN,6126.193308285108
2417,Tenaxzity,6384.050921612616
2418,ELIE3173,5948.103674471674
2419,Mata,5902.616033546816
2420,Mashiron-,6327.298410484652
2421,Mdamda,5922.766666697818
2422,PLzocker1,5891.735341231876
2423,Spinner,6560.0
2424,Devilsknife,5971.92529931173
2425,Nemuii,6431.764121594231
2426,Abyss-,5784.771096869671
2427,FenixVictoria,6483.200994103112
2428,Micro,6155.884345431313
2429,Miro,6373.272781759629
2430,Matsuoka-kun,6099.925109700405
2431,BojowyChomik,5966.289249649126
2432,aaaaaaa-,5777.590525923406
2433,Azumin,5778.167559886273
2434,restricted mode,5956.93131195916
2435,demasterofme,6347.770959983219
2436,Aigis_XeX,5743.386985522107
2437,Cyllinus,4627.29007620836
2438,Senbonzakura,6029.913780484184
2439,Bockara,6095.589843061491
2440,polkkpolkk,6027.063467575335
2441,iT3chnoHD,6356.089710694165
2442,[-Prox-],6220.821227631263
2443,No Image,5912.959581828577
2444,DJ Daisuke,5907.307411242987
2445,Chrubble,6050.690997740525
2446,negobola,6016.264775520757
2447,[ Xfrogman43 ],5683.411811229284
2448,KogumaX,5819.00298311687
2449,ProEzreal,5938.874407355722
2450,SonderKun,6152.116759966769
2451,ShiiGemi,6053.806208225065
2452,Shiftease,6129.370491714468
2453,Lena Oxton,5893.332474981666
2454,MakePastaNotWar,5756.10443718708
2455,Doge_YasuoZ,5889.381982165248
2456,Freezed-,6856.354999402778
2457,Kayy,6594.5699950783555
2458,crushsquids,5694.41526195625
2459,kunfupoika,6047.299742520642
2460,Manquito,6088.506970888316
2461,[ MiSa YuKa ],6257.388547008029
2462,AmIVoid,6001.53116077472
2463,Akaguroi,5938.74201768772
2464,Hylorb,6118.088811615924
2465,SmallD,5828.130384691582
2466,WolfWolfy,6380.53852165024
2467,Oxlak,6258.391992912939
2468,[Vincent],5916.44654126764
2469,Crundelic,6207.730282643537
2470,_Sumi,6120.080085737173
2471,Meilissa,6299.549548979277
2472,PepperonyOnion,5910.046386967405
2473,Blue,5965.389367085128
2474,hpyz,6057.057795981598
2475,Tyl,5892.498046153911
2476,Jalkapa,6475.9574643461365
2477,WanamakerN,5922.924889586425
2478,DragYouInZZ,5738.301866285048
2479,SoSoul,6408.541716214562
2480,Wolfyy,6030.987054302926
2481,AnteeeK,6318.635837425683
2482,Dox3n,6052.0105188633925
2483,Q_Kharma,6483.28258827542
2484,[ Kana ],5959.163792016449
2485,Oranger,5883.565271973008
2486,Spac3,6148.8239518373075
2487,Rieve,5751.664021267562
2488,BoBoMuNcHcRunCH,5754.293504422263
2489,Irate,5907.286892768298
2490,Paz,6209.749102715642
2491,Yiul,6204.668318151188
2492,semkez,5862.33245812047
2493,TitanOuranus,5756.425586826049
2494,Pepe,6314.95944938797
2495,MagnusTheGreat,5944.5791441745405
2496,nietoperek,5948.395011489407
2497,BlazeITA,6396.6516288758485
2498,TheBlank,6318.250485474473
2499,Gabriel25569,5930.389918853013
2500,Axcers,6103.322241051354
2501,[-AlexisFx-],6035.494150728362
2502,BlackCat,6560.0
2503,Rinna,6186.190328843526
2504,David-,6320.742544057041
2505,MusicCraftor,6105.6290795335935
2506,cxmj,5747.798633992308
2507,[Kinki],6543.712893791484
2508,wobblu,6081.029858315463
2509,BRTJ CritCamp,6254.642330903376
2510,Rilivia-,5898.844736132378
2511,tomiya0,5916.543917516415
2512,Incorage,5971.577283160124
2513,Zetaku,5864.625503787604
2514,DranktZ,6271.113522203278
2515,Potacon,5949.8714021692995
2516,Trainbarf,6248.322834899148
2517,PoNo,5986.4451313730815
2518,Sabokizi,6240.473024560184
2519,TheKillingBeast,6266.057465405855
2520,skyewynter,5971.610411340048
2521,Taiga Aisaka,5677.545882222739
2522,Yukida,6015.574113859096
2523,SpinZee,6040.804714011631
2524,[ D_L ],6197.750881698049
2525,Krapy,6445.043510636119
2526,Ketch,6340.759155882491
2527,antos12369,5886.520364328944
2528,yotm,5967.165735378902
2529,Picoroco,6181.095803222864
2530,Hi im Philipp,6586.677319666289
2531,Xytic,6099.648641672729
2532,[Tut],5740.2598308285815
2533,Eusoul Mizu,6126.271402093475
2534,Poi Yasu,5919.44045328413
2535,Yuxzu,6560.0
2536,DuoX371,6096.851030946558
2537,Bikko is legit,6031.7430199287455
2538,sat,6269.984832391457
2539,Takane Enomoto,6271.237933275359
2540,vvnb,5975.665123739028
2541,My Angel Ain,6149.449256005253
2542,l850127,5869.50617251528
2543,XepiccatX,5965.255211129147
2544,su11201130,5950.778979193603
2545,Senpai - Sama,5734.845973567946
2546,TruAngel,5601.80257596421
2547,That Was Easy,5927.596706399843
2548,Lochts,5955.273294522231
2549,Rush Chen,5989.746866761644
2550,Razito,5942.985648630881
2551,My Angel Pelzio,5723.140384342922
2552,Cherry-nyan,5972.582097599856
2553,[WooRi],5941.4777494736045
2554,Camellia-,6379.612073705894
2555,Anthrax Thunder,5942.851156728458
2556,Hipek,5922.3331634757005
2557,Nayu,5911.007898486618
2558,Jory,6063.217436823779
2559,Moosic_,5863.926116765065
2560,rruiy,6475.152676115543
2561,Ipas,6193.376140014166
2562,Madgoblin,6024.25628666777
2563,Yoghurt,6234.829075893258
2564,Y O U T A,5921.938615035149
2565,SharkyV21,5946.828215459415
2566,ChampionChaos,6154.519523204059
2567,Whythisname,5719.559125812386
2568,GooDly,6034.185184241601
2569,Kriips,6320.826108315748
2570,Kerokerokun,6088.834534680655
2571,ReporT RiTo,5987.057946055882
2572,Lavendel,6299.4087734316045
2573,Lewisia,5932.608658992036
2574,Riana,5925.839844808948
2575,Kahabrakh,5905.372318550161
2576,-Thunder-,5714.908167693115
2577,Hexsise,6560.0
2578,ErorMan,5998.115954223056
2579,rafalsky,5902.657357940428
2580,[K A T O],6006.529886950525
2581,STH531,5716.804563325494
2582,divin-ue,5899.090157302159
2583,jehyun,5907.538384224058
2584,Dukaaz,6294.489834578331
2585,-Hoan Meirin-,6123.845676665407
2586,Frostwizard,6304.882365441718
2587,- TakaYuki -,6346.881366115817
2588,Existanze,5929.761470164417
2589,buhert,5914.947981702082
2590,WisperUchiha,5970.741496059829
2591,-NaRin-,5946.342060286099
2592,nomen,6706.677161145626
2593,Steven Han,5688.482753951691
2594,Raflea,5967.785538608279
2595,Donovan,6025.613430990409
2596,bes_joker,5971.202807894591
2597,Future,5986.366137609333
2598,Fifaxo,5947.973087430418
2599,Denro,5961.542871389159
2600,Cpt Kransch,5980.3474058630145
2601,DrMengele,6017.198499454367
2602,NanoSaiko,6145.53889449835
2603,riotbz,6074.431422144004
2604,Draknica,6312.509829761377
2605,MinIcArdI,6256.53044986914
2606,LevanWolf,6397.297155838119
2607,Fureimuu,5972.987206655175
2608,Ei onnistunu,6125.8629836906075
2609,C0C0C0,5914.117822765712
2610,TheFeedsw,6255.0702756997
2611,PeNia,6560.0
2612,minttu,5935.327390549654
2613,Ryoko,6063.2704831531
2614,masterbaden,5610.094259113637
2615,Hikaru,5997.1077842172945
2616,Benjo,6390.781361118502
2617,Sam GoRiRa,5965.992995910367
2618,Neko Rin,6009.691507592312
2619,G_O_D,6560.0
2620,oslea,5947.320355767635
2621,Smery,6691.158382547624
2622,JapaneseGuy,5989.797781338384
2623,Kughxy,6240.571039881783
2624,[Demon],5947.306612023268
2625,Kaseru,5918.579954729488
2626,thzz,5912.765604513612
2627,[DrG],6477.472027465976
2628,Mizuno,6399.414271271731
2629,Pumby,5679.995967861657
2630,MaverickTex,6211.3738837790615
2631,noctisv_v,5701.740900906152
2632,Radroch,6313.069743041055
2633,Yuukr,5935.356127707142
2634,StephOsu,6440.945704335736
2635,Richard0612,6063.813519100847
2636,-Vermillion,6169.6531912885375
2637,RekQu,5947.3457008839605
2638,Wonderful Shiro,5894.341774658238
2639,Can,6021.349948352376
2640,AziiFox,5687.175848463219
2641,Cenezi,5914.78281824605
2642,[ Ephoenix ],5951.655415020096
2643,Draczor,6288.303035049044
2644,mooningham,5649.288513809942
2645,bep,5922.930357928597
2646,EldarGinz,5901.196221219817
2647,Hare_CFJ,6037.099629944163
2648,McLovin,5964.749878327445
2649,Graczeu,5883.550486175524
2650,ItsBluu,6447.239311942292
2651,StRikErFlex,5922.249728580031
2652,columna1,6560.0
2653,Deramok,4906.224161119463
2654,Adriannu,5894.219480522903
2655,Firestorm87,6034.34731223972
2656,MillhioreF,6529.926155573581
2657,dyns123,6560.0
2658,Kiian5,6110.461672354875
2659,FadingXIII,6560.0
2660,Demon,6209.622636052579
2661,UrbanBeat,6306.458767840263
2662,Charon,5653.3942976682465
2663,Mituki,5905.280175722455
2664,TripleD,6229.750807167449
2665,-Kurusu-,6006.677457327865
2666,Ancaqt,5976.944935870153
2667,Keyreaper,5668.466368121674
2668,SubitoSwarm,5676.179540566879
2669,howtoplay,5944.051894310525
2670,Mewedo,5895.967389136244
2671,Noe,5951.903720747978
2672,-Krait,6406.808684769889
2673,encryptedsalad,5632.434807890964
2674,sombrejester,6247.195684983645
2675,Ball,6153.020801746535
2676,K_Clap,5903.365335875055
2677,eve999666,6322.907800608083
2678,Leopardsclaws,5663.352944280798
2679,A K E N O,6506.901730495851
2680,KEN5328,6124.932608130298
2681,amidel,6399.363642847399
2682,TheToaphster,6050.335771715302
2683,871,5891.101360026096
2684,lpsminecraft099,6106.825577755048
2685,Lileepia,6053.60312753544
2686,Rinko,5655.951466617332
2687,rozeku,5897.413335225836
2688,DasherQ,5941.325118734327
2689,Skify,5916.277497982109
2690,[Swegloerd],5862.536719875529
2691,blocktherain,6408.122909094214
2692,Linz9r,6455.159060690889
2693,Lulzees,5654.904408224919
2694,CarryTheDay-,6247.15956676052
2695,Yoshiwara,5886.830587102649
2696,Sinku,5493.5874539619035
2697,vermeulenyanick,6014.696818032822
2698,Big,5641.601957020883
2699,Hakumo Shiro,5917.654912176451
2700,Xybi,6141.955978687834
2701,ilift,6299.206194669759
2702,bold and brash,5617.9262260343685
2703,phlamprakis,6214.022823723004
2704,kindbanana,6193.577412662822
2705,Love Live,5906.857210686092
2706,Ole Brumm,6099.444285934755
2707,yurippelove,5955.451691295258
2708,Suo,5594.1252677366265
2709,Kiorah,5953.053525066819
2710,bushy,5592.433291087061
2711,ARxo,867.1907269875192
2712,Redluma,5917.309066494438
2713,ElopingSeal,6165.66161171567
2714,Shiny Gliscor,5633.259732998917
2715,GrilGaemr,5637.092615273691
2716,daredevillj,6563.902835529414
2717,natsukagami,6248.8135065645465
2718,kutora,6051.566415028893
2719,Jimm,6006.6182825631095
2720,hello hoonzi,5881.826490334716
2721,Small---Fea,6001.314080440559
2722,Tau_02,5904.748283913251
2723,Baskest,6377.986172629249
2724,xci,6108.105647775253
2725,flipiflap4327,5933.713801876454
2726,erodra,6231.559288897831
2727,Karl,5948.767672405513
2728,Inuyama Aoi,6001.171931143069
2729,PhilippeDesu,6327.682481759661
2730,Timpton,5555.007316026051
2731,Supermaty,6220.475951793722
2732,-Symboreka-,6560.0
2733,4modenub,5896.869673852251
2734,KOS,6039.482960880976
2735,Panty,5879.198944836074
2736,Tbar-john,5569.917647997627
2737,LiNia,5978.885392166923
2738,Eugeo,5605.364808728214
2739,Lexiiii,6797.009449845617
2740,tilt,6146.9333557828095
2741,Mikini,6183.468694571363
2742,flippo731,5905.971327834482
2743,SillyFangirl,6084.6614871898
2744,Dirty cabbage,5915.521996296029
2745,Gerar14x,6488.330485096177
2746,Storyboarder,5612.262074028052
2747,Majestic Panda,5554.925833420575
2748,Gladeryn,5923.330666673745
2749,Dangid,6110.50893947839
2750,1xmiss,6288.303681760472
2751,Jing Yue,5968.706345532942
2752,Yoshi-Desu,6458.556879742858
2753,_GamiGami,6147.613925530573
2754,Alexmrmongolo69,5867.2675622044335
2755,asomenick,5926.98181920174
2756,klo,5575.863012643472
2757,DFog,5595.594517361317
2758,Faaa97,6381.865375287063
2759,We Go Down,5961.052701900829
2760,f33dir,5897.919036320117
2761,Danolex,5889.013976519259
2762,Hunny,5939.635990702408
2763,HellFrozenRain,5981.169890231804
2764,Felixphaeton,5569.921072182087
2765,whitecompass,6246.573560456458
2766,WhiteSha,5915.562801770333
2767,Az0Te,5611.565022799875
2768,sudaasd,6060.071903525637
2769,q N k,6025.572289678446
2770,i234567,5987.718323569357
2771,elosiktv,5952.196101823197
2772,Celentia,5962.993304417039
2773,Nokayma,6132.641431314627
2774,CptBlackBird,6292.610115999032
2775,BiG_ChilD,6449.985831159674
2776,Gabe-,6140.022029272234
2777,Mqte,5524.346197101564
2778,omabrirdu,5888.553072672353
2779,Swiftis,6015.087954411543
2780,Alvin03690,6284.179244220022
2781,Nyaong,5919.091687662824
2782,Goijdo,6346.985262692875
2783,-Alice Nakiri-,5964.407605925769
2784,Fzechen,6094.892052785409
2785,NOISE,5938.863435732742
2786,Funta668,6083.952492232831
2787,Evyf,6026.385281377616
2788,PlsNoSenpai,5539.14704436855
2789,RandomGamePlayO,6150.402197258881
2790,Vynus,6213.986957719622
2791,-makaron-,6560.0
2792,TheJumper,5906.304791973938
2793,flutSibits,5548.325930165882
2794,pekolove,5906.393771046164
2795,Wodahshian,5562.5867917814985
2796,Arelei,6149.651988287045
2797,_CheckAndMate,6363.682579177442
2798,funkzord,6497.953562915659
2799,phoenny,5961.727637662055
2800,LesbianVampire,6325.795592321635
2801,Bust A Sauce,6512.578247796998
2802,LastTheory,5501.705937613079
2803,Zeforro,5933.944356655504
2804,Grupf,6166.531909547107
2805,colud ber,6003.704916647223
2806,Mazztek,6048.22124433218
2807,omgpewpewx,5915.328176085226
2808,Hyonu,5935.544153986654
2809,SatoriKomeiji,6891.25099555449
2810,DRG,5485.03207099809
2811,TheProsecutor,5504.694497720311
2812,AZGS,6041.565511582976
2813,Skie1134,6184.073849181712
2814,Aqliva,6215.797805112976
2815,Kadran,6349.012167764924
2816,Klodian-,6189.264893538056
2817,rohil,5549.127953509637
2818,Potsosu,6035.946385111769
2819,Pogge,6188.6845102513935
2820,Wyll,5990.506567120653
2821,Xilquence,6146.084489200652
2822,3DDie,6308.960582294629
2823,-_ApOsToL_-,5891.109665484543
2824,ZniszczeCiGre,5891.24848816388
2825,Maki Laki,6309.809698785919
2826,Maja,6561.938573722307
2827,Scoopes,6039.6659658667995
2828,Montyy,5489.251873031375
2829,Kishidle,6118.188844481043
2830,Kyon,6087.264523435352
2831,ChibiDesu,6233.3200462941495
2832,StylishBBA,5952.86680875879
2833,Rdzeniu,5896.16570881367
2834,Scopepwn,5883.346163984845
2835,Delusiv,5877.379356006548
2836,HerobrineWei,5981.295793905573
2837,Blackbird_FT,5914.378613164955
2838,TW_Fighting,5118.25910026579
2839,Kento,5959.348231321262
2840,Oniichbz,5944.95219532669
2841,Kotayo,6340.340234922575
2842,TripleA,6168.906706210043
2843,Oya-G,5915.433967963516
2844,Melodia,5915.143264584311
2845,Lessar,5880.395432036436
2846,Twilazs,5512.170738308567
2847,GamefulMike,6173.259637177087
2848,[Micro-Quazar],5945.130105449118
2849,EiriNeos,6644.805352592395
2850,Empowers,6521.655533228696
2851,knight45,5972.399225161042
2852,Arthritis,6090.8432195454525
2853,jenorin,6704.798023456817
2854,GerbiilixD,6066.81385026939
2855,Ruwi,6007.8685518039065
2856,Iago G Cruz,6090.311402943526
2857,RyZeR_MaTyX,6100.1382455039875
2858,Eson-,6180.686528546251
2859,RedKing,6151.519008126943
2860,Yannister,5988.379231651414
2861,Slashgame,6458.91461976621
2862,Fusyon,5975.377478953419
2863,Grahamaglam,5502.476221467065
2864,Kyuri,6089.167135879747
2865,Reniro,6250.016971792706
2866,InFeRR,6407.913490474918
2867,SugarDaddy,5972.377442226039
2868,SoJ_Fled,6361.23421939924
2869,proftroutington,6209.232648234585
2870,CheonMa,5978.7542378491635
2871,TBlown,5397.322972352044
2872,WtfSlow,6070.00045046652
2873,[-Dzko-],6132.425065685644
2874,Klentil,5968.0841388657855
2875,TruXa,6029.231922528362
2876,naruuru,5898.582204294898
2877,_railgun,5952.458533835753
2878,Zeaxisz,5912.691223044686
2879,ganDi,5881.5654211024475
2880,True_kek,5922.11480852141
2881,Vizard,6109.48673186564
2882,Boxmanwoman,6193.177698978303
2883,Syubi,5451.252786944555
2884,laatikko2,6105.85384415125
2885,Kuyr,6105.573476352699
2886,012555,6038.1493694651
2887,peculair,6006.734860410251
2888,-kite-,6488.001314021944
2889,Karnes,6560.0
2890,[ Hero ],6162.1743029220215
2891,StreetPro,5962.298337922446
2892,GohanHD360,5402.808200775416
2893,this1neguy,5476.021993886194
2894,NN4,6066.106742121193
2895,Bloodfang,5906.336324488079
2896,Rayne36,6893.683071384768
2897,Naattori,6283.53531644911
2898,anthem_666,5993.187498257658
2899,Personelll0,6195.5182838609635
2900,Awex9000,5337.830058331214
2901,Viktoria,6326.767744423504
2902,SSSanya,5982.852843225113
2903,-LuXun-,5910.2165129311625
2904,Bubblun,5381.768978547914
2905,Kaneki7u7,5883.814300145803
2906,mrkaue1995,5981.07268546177
2907,LoLXII,6190.749121673674
2908,Spritecy,6635.8080945098545
2909,-Takuei,6005.86398919359
2910,Sguazzz,6106.642468837055
2911,Atomosphere,5938.753170475863
2912,Snowyiu,6018.720204294009
2913,Stealer-,5895.955775912164
2914,mugikoEX,5903.725879640982
2915,himazou,5918.267883743074
2916,Thaze,6504.6160655352705
2917,Treacherous,5891.791566138867
2918,-TakoYaki-,6282.323590478498
2919,tehbchoi,5998.752729272322
2920,Cu Chulaind,6432.0066494432185
2921,MrJeris,5907.420976717043
2922,yolooowat,5954.670900419345
2923,Rosa Mobius,6560.0
2924,[ Yong ],6300.318402583584
2925,g8hi445to6i,5957.204312396161
2926,Tothe moon,5958.832846430712
2927,-Miiro-,5977.448422600298
2928,m o m o c o_,5943.0904289585205
2929,imakeebbq,6024.459698766703
2930,Togetic,5351.365323946862
2931,armzilla49,5341.037948614949
2932,Douky,6017.607790310241
2933,Himariii,6216.841957799932
2934,noslied001,5973.013457749044
2935,Yuzucat,5930.64981018373
2936,Fluey,5400.99099643343
2937,BlasterONE,5978.729855868043
2938,epes2001 773,6408.277500488082
2939,sazuki0,5456.219157041685
2940,shilolicon,5984.784712044234
2941,tipokaktotak,5895.111144638874
2942,-Ritzu-,5375.076467524262
2943,iljaaz,6105.514053981647
2944,Xolerox,6560.0
2945,Deltmin,5908.356433776468
2946,Pearly,6076.546114836603
2947,Hurrikn,5346.979259138292
2948,I still believe,5901.004884857225
2949,goheegy,6111.9101390547585
2950,UndeadCapulet,5441.720989000278
2951,S E L,6050.679077870227
2952,South-,6032.989691218129
2953,Muda,5374.20510653726
2954,jjoner,5359.830007327862
2955,GodModeOn,5926.787911052241
2956,Raikuman,5356.151020211233
2957,Darkness4221,6172.0659322570655
2958,0198,5380.759823992257
2959,Roll,5284.759974370074
2960,JoeroMc,5883.4307718093405
2961,Sampion,5900.415751791861
2962,SoulEater,6521.31222574654
2963,Chu-Nyan,5953.420670180454
2964,jawbajaw,6149.428823039836
2965,JollyFish,6069.173174252992
2966,Lawlietik,6380.386896269906
2967,Lomolite,5285.856921999427
2968,Episock,5364.998319073368
2969,[Luka],5981.486738355303
2970,Liyu,5938.091310569773
2971,Smiffi,5989.265311117338
2972,My Angel Rumia,5959.810770517841
2973,[EnD] Trivel,6070.056969394191
2974,newton-,5862.016512755619
2975,Major Lazer,5937.507008274886
2976,ze_or,2230.7869850337606
2977,Frostcage,5864.612746490371
2978,Timpan,6029.901991643601
2979,Usak Kak,5310.349540937283
2980,Okiraishi,5985.630718419555
2981,NoahParkNewWin,5889.837583133977
2982,zhongjun,6079.770740278285
2983,Starfy,6291.617863909977
2984,Snoo0w,6088.603751596163
2985,Toomas,6022.53835451106
2986,EZdeath,5267.112452985556
2987,SDKO,6071.303969100143
2988,Rorry,5840.325168921185
2989,AngeLMegumin,5892.21730658278
2990,No hope,5997.643749925741
2991,Miomoe,5991.069361260241
2992,fallenstarxz,5940.646614292171
2993,EtanIsMeme,6560.0
